,value,exog
2023-01-01,-1.2917919469598043,0
2023-01-02,-0.526671624230165,0
2023-01-03,0.277414836556913,0
2023-01-04,-0.08846010428180892,0
2023-01-05,1.8724370175087832,0
2023-01-06,1.1046948678499944,0
2023-01-07,0.18403964916930732,0
2023-01-08,1.0635981217716974,0
2023-01-09,-0.44261298756662293,0
2023-01-10,0.6135297857081051,0
2023-01-11,-0.1763378201969933,0
2023-01-12,0.4424579327506106,0
2023-01-13,0.03247092114904637,0
2023-01-14,2.0803920704776573,0
2023-01-15,2.1541039534308912,0
2023-01-16,0.14422936063760328,0
2023-01-17,1.351198233771756,0
2023-01-18,2.06902932879352,0
2023-01-19,0.9435083867127112,0
2023-01-20,2.35860711616847,0
2023-01-21,1.3676731618232207,0
2023-01-22,-1.0306840470703005,0
2023-01-23,1.0319954063153598,0
2023-01-24,1.2782275281215045,0
2023-01-25,-0.06194772140793603,0
2023-01-26,1.6935668719587915,0
2023-01-27,0.7942823771671155,0
2023-01-28,1.7857727237837724,0
2023-01-29,1.4475430542157515,0
2023-01-30,2.6702958649013846,0
2023-01-31,1.467615660070694,0
2023-02-01,2.0676764455124945,0
2023-02-02,4.452549322208532,0
2023-02-03,1.009761643410534,0
2023-02-04,2.1129514460256265,0
2023-02-05,1.7963517424853512,0
2023-02-06,3.1335753777428232,0
2023-02-07,1.7408029247652714,0
2023-02-08,3.7420417832543698,0
2023-02-09,3.189716195346895,0
2023-02-10,3.1925668663602513,0
2023-02-11,1.9583415719842479,0
2023-02-12,2.340505164510432,0
2023-02-13,3.3732569741037732,0
2023-02-14,3.6713344881951517,0
2023-02-15,2.0048335848929466,0
2023-02-16,4.308180272679582,0
2023-02-17,2.765367793907443,0
2023-02-18,4.8076017607761825,0
2023-02-19,0.5912474510961614,0
2023-02-20,2.6582185923101265,0
2023-02-21,5.076690288061079,0
2023-02-22,3.2070573722215143,0
2023-02-23,3.5746977284541717,0
2023-02-24,2.5573770930306585,0
2023-02-25,2.3404543179028208,0
2023-02-26,2.675387944973809,0
2023-02-27,6.442123162456775,0
2023-02-28,2.5261984981498564,0
2023-03-01,5.284917982210034,0
2023-03-02,7.26001847727945,1
2023-03-03,8.756441711432156,1
2023-03-04,7.500043121744138,1
2023-03-05,6.819634624674808,1
2023-03-06,7.706709789420161,1
2023-03-07,9.064410174366053,1
2023-03-08,7.705676665359374,1
2023-03-09,7.591514776874654,1
2023-03-10,7.506817257980887,1
2023-03-11,7.429135644094779,1
2023-03-12,7.95928033441621,1
2023-03-13,7.87561363521175,1
2023-03-14,8.202926744520033,1
2023-03-15,8.006306620903876,1
2023-03-16,7.544789711331676,1
2023-03-17,8.69390541473599,1
2023-03-18,9.473373437719886,1
2023-03-19,8.63533438950768,1
2023-03-20,7.935544471253248,1
2023-03-21,8.311881139111836,1
2023-03-22,3.7135412359002484,0
2023-03-23,4.770598068419646,0
2023-03-24,4.470033027137175,0
2023-03-25,3.9467231913260807,0
2023-03-26,4.5260793234860035,0
2023-03-27,4.476773009126849,0
2023-03-28,4.414178605230626,0
2023-03-29,3.798691385841042,0
2023-03-30,4.944922781473828,0
2023-03-31,3.703184938988786,0
2023-04-01,2.2448256135510896,0
2023-04-02,4.21292125616412,0
2023-04-03,3.9053512290128367,0
2023-04-04,7.309854468424977,0
2023-04-05,4.249038478987903,0
2023-04-06,4.75539837105443,0
2023-04-07,4.500700088139575,0
2023-04-08,5.396642647637528,0
2023-04-09,2.6854784355848653,0
2023-04-10,2.945428505127669,0
2023-04-11,3.1010564349172007,0
2023-04-12,2.4567530870735577,0
2023-04-13,1.22609607517087,0
2023-04-14,4.69982212720504,0
2023-04-15,1.2348491047512815,0
2023-04-16,3.895881157236641,0
2023-04-17,2.5294978880225036,0
2023-04-18,2.1682417555476303,0
2023-04-19,4.743183810000937,0
2023-04-20,4.6232565481389,0
2023-04-21,4.545100835901076,0
2023-04-22,4.098268955093577,0
2023-04-23,4.966244468618768,0
2023-04-24,3.8008690301792827,0
2023-04-25,5.128569389182314,0
2023-04-26,3.823521966225284,0
2023-04-27,4.049084251476542,0
2023-04-28,3.942848161760261,0
2023-04-29,3.4348804858789324,0
2023-04-30,4.262742759520256,0
2023-05-01,3.841662487291904,0
2023-05-02,2.56800898857343,0
2023-05-03,2.935045171527707,0
2023-05-04,1.5798081832445832,0
2023-05-05,5.034191477420917,0
2023-05-06,5.286154087177156,0
2023-05-07,3.3178141608889384,0
2023-05-08,2.6652267343596296,0
2023-05-09,3.146985137017068,0
2023-05-10,3.235556098734164,0
2023-05-11,2.860584823723069,0
2023-05-12,2.7714242060170227,0
2023-05-13,2.246991339916567,0
2023-05-14,2.9740789643454404,0
2023-05-15,2.1003349779682603,0
2023-05-16,2.6758400417576116,0
2023-05-17,1.9010626257294927,0
2023-05-18,0.5418711582241174,0
2023-05-19,1.7473299958567738,0
2023-05-20,2.7523915072817378,0
2023-05-21,8.137972856639335,1
2023-05-22,7.45910058118132,1
2023-05-23,7.719977029144571,1
2023-05-24,4.219301384951087,1
2023-05-25,7.408622672522469,1
2023-05-26,7.108518406592832,1
2023-05-27,8.152177972183031,1
2023-05-28,6.703903117927388,1
2023-05-29,4.109537577076138,1
2023-05-30,7.348809490553968,1
2023-05-31,5.065816628570083,1
2023-06-01,5.69705626687252,1
2023-06-02,6.0605487601059895,1
2023-06-03,4.556875653205928,1
2023-06-04,5.321824768283445,1
2023-06-05,5.421348402651309,1
2023-06-06,4.996009503087187,1
2023-06-07,6.1718099164259765,1
2023-06-08,4.974850415738565,1
2023-06-09,5.11037457904162,1
2023-06-10,1.2357484360481008,0
2023-06-11,-1.93685625905847,0
2023-06-12,0.8484849665904388,0
2023-06-13,0.8680507422783608,0
2023-06-14,2.108447716929527,0
2023-06-15,1.3888668003129658,0
2023-06-16,2.2724017499250513,0
2023-06-17,0.7591390981435635,0
2023-06-18,0.8769991453730581,0
2023-06-19,0.6705246624494517,0
2023-06-20,-1.1011551913733002,0
2023-06-21,1.1872190300798708,0
2023-06-22,1.4960454650998347,0
2023-06-23,0.4105700250548227,0
2023-06-24,0.03313403809594495,0
2023-06-25,0.3036077991022178,0
2023-06-26,0.01967520465674838,0
2023-06-27,-0.5605061246866541,0
2023-06-28,-0.9544953149176585,0
2023-06-29,0.5810586509384927,0
2023-06-30,1.2303737041166172,0
2023-07-01,-0.21816630981992802,0
2023-07-02,0.32407121518252346,0
2023-07-03,0.6102599536556018,0
2023-07-04,-0.17805807619329422,0
2023-07-05,0.5889455903831853,0
2023-07-06,-2.6425505164827015,0
2023-07-07,-1.305816435585492,0
2023-07-08,-2.6072351584532347,0
2023-07-09,-0.16666843948268284,0
2023-07-10,-1.6868872937121493,0
2023-07-11,0.21469306286636325,0
2023-07-12,-2.4636117504322512,0
2023-07-13,0.03471086647417043,0
2023-07-14,-0.6644239391312057,0
2023-07-15,-1.4932111513475033,0
2023-07-16,-2.5724644531640006,0
2023-07-17,-2.1320760515844013,0
2023-07-18,-0.6311442283691522,0
2023-07-19,-2.938511578911844,0
2023-07-20,-1.035724559550003,0
2023-07-21,-0.30825478106089155,0
2023-07-22,-1.9445248631204475,0
2023-07-23,-1.7340163876830816,0
2023-07-24,0.2998266352436729,0
2023-07-25,-0.1848259304970601,0
2023-07-26,-3.031488440450734,0
2023-07-27,-2.7389096181439125,0
2023-07-28,-3.3865458110661883,0
2023-07-29,-1.0221634607587287,0
2023-07-30,-2.3202341448339103,0
2023-07-31,-0.683094775605815,0
2023-08-01,-3.1269027570086143,0
2023-08-02,-2.795286755178095,0
2023-08-03,-2.6319197022824574,0
2023-08-04,-4.472337173398818,0
2023-08-05,-1.2944157387057713,0
2023-08-06,-1.71600719603976,0
2023-08-07,-1.71626871010682,0
2023-08-08,-2.7466656907931712,0
2023-08-09,4.035942367520484,1
2023-08-10,1.72014319870439,1
2023-08-11,3.240691078169535,1
2023-08-12,1.3763355066556033,1
2023-08-13,1.179272617802512,1
2023-08-14,2.3763446963483514,1
2023-08-15,0.900747658249494,1
2023-08-16,0.516378429992745,1
2023-08-17,0.7358189565263036,1
2023-08-18,1.329862638351334,1
2023-08-19,0.14388687697469393,1
2023-08-20,-0.5771555828620416,1
2023-08-21,0.1515134297487437,1
2023-08-22,1.304584074100831,1
2023-08-23,2.037440230683564,1
2023-08-24,1.1967625340068242,1
2023-08-25,0.6243992268802914,1
2023-08-26,0.7555233831476937,1
2023-08-27,0.9844633457808287,1
2023-08-28,-0.1153311471926628,1
2023-08-29,-3.305424572837175,0
2023-08-30,-2.343619858980107,0
2023-08-31,-2.839431789041064,0
2023-09-01,-2.33688602204393,0
2023-09-02,-2.427066899285542,0
2023-09-03,-3.2349296849768825,0
2023-09-04,-2.4879601059649175,0
2023-09-05,-4.725634359831506,0
2023-09-06,-4.293187939969021,0
2023-09-07,-2.6538501616832533,0
2023-09-08,-3.59382903174168,0
2023-09-09,-2.993241602422752,0
2023-09-10,-5.935115124283433,0
2023-09-11,-3.5897801463999466,0
2023-09-12,-4.796346381090971,0
2023-09-13,-3.501132548204599,0
2023-09-14,-4.158256268430882,0
2023-09-15,-3.7102182101616057,0
2023-09-16,-3.573599194178035,0
2023-09-17,-3.8696255502807917,0
2023-09-18,-3.522076959181583,0
2023-09-19,-3.05867740822571,0
2023-09-20,-3.4645776730396127,0
2023-09-21,-4.8054085691652695,0
2023-09-22,-3.404406981169812,0
2023-09-23,-2.4778916563710736,0
2023-09-24,-4.182650089246924,0
2023-09-25,-4.593920674591109,0
2023-09-26,-3.781018521590526,0
2023-09-27,-5.276265410539717,0
2023-09-28,-6.797357836318572,0
2023-09-29,-4.902044163476752,0
2023-09-30,-5.344857466942353,0
2023-10-01,-3.8143743914326023,0
2023-10-02,-4.307551708520683,0
2023-10-03,-5.091375562992891,0
2023-10-04,-5.532050903323435,0
2023-10-05,-5.031443440383404,0
2023-10-06,-2.756510387937564,0
2023-10-07,-3.019810440157234,0
2023-10-08,-1.7052289817178172,0
2023-10-09,-5.790650567224483,0
2023-10-10,-4.11083140353796,0
2023-10-11,-4.846451321172724,0
2023-10-12,-3.097033077118823,0
2023-10-13,-3.2912713807652088,0
2023-10-14,-4.147851286649068,0
2023-10-15,-4.958290939826332,0
2023-10-16,-4.972008432073375,0
2023-10-17,-4.341450418658404,0
2023-10-18,-4.4422641614715115,0
2023-10-19,-4.105284542064871,0
2023-10-20,-2.6434674565902827,0
2023-10-21,-4.498938269973355,0
2023-10-22,-2.619265852873994,0
2023-10-23,-3.346722575822661,0
2023-10-24,-3.44656198283683,0
2023-10-25,-4.516147908048173,0
2023-10-26,-3.5228825131834896,0
2023-10-27,-1.5679915243948936,0
2023-10-28,0.32982876062209465,1
2023-10-29,-1.2377595353295812,1
2023-10-30,1.85189820201271,1
2023-10-31,1.1071435809961212,1
2023-11-01,0.8002601022051983,1
2023-11-02,-0.05494973985572127,1
2023-11-03,2.7572445284489455,1
2023-11-04,1.574582879291187,1
2023-11-05,0.36086229988278484,1
2023-11-06,-0.13135432400477587,1
2023-11-07,0.18171888257106517,1
2023-11-08,1.7991190184760182,1
2023-11-09,0.2250013068044101,1
2023-11-10,-0.03473395380558486,1
2023-11-11,-0.11725397439716989,1
2023-11-12,3.5101614669588543,1
2023-11-13,0.9526609927621452,1
2023-11-14,-0.6324494843814454,1
2023-11-15,2.735735924401191,1
2023-11-16,0.17161104533400584,1
2023-11-17,-3.4591746600400453,0
2023-11-18,-3.6281313485457716,0
2023-11-19,-0.16510486842668293,0
2023-11-20,-2.3300840142380217,0
2023-11-21,-0.4653696631788251,0
2023-11-22,-2.3558444545838535,0
2023-11-23,-0.5127939304214493,0
2023-11-24,-0.3514332735976258,0
2023-11-25,-1.1821355650036387,0
2023-11-26,-3.023422403956596,0
2023-11-27,0.6295614244221728,0
2023-11-28,-2.188160752813116,0
2023-11-29,-2.8051624315678687,0
2023-11-30,-0.7291130831655106,0
2023-12-01,-1.0592709102029985,0
2023-12-02,-1.77198969915974,0
2023-12-03,-1.3029794557990946,0
2023-12-04,0.12283644736170385,0
2023-12-05,-2.0473341034338444,0
2023-12-06,-0.7814637614015045,0
2023-12-07,-1.5639460647738859,0
2023-12-08,-0.522512686485879,0
2023-12-09,-1.275334351747452,0
2023-12-10,-0.6078325489584057,0
2023-12-11,-1.2902333915776678,0
2023-12-12,-0.7153702189757869,0
2023-12-13,0.5007767992123151,0
2023-12-14,-0.060312232576274716,0
2023-12-15,-1.5964619342055792,0
2023-12-16,-0.41195626329641205,0
2023-12-17,-0.9190418841300978,0
2023-12-18,0.018097636603777167,0
2023-12-19,0.0888692785530657,0
2023-12-20,-1.096553980652241,0
2023-12-21,-0.6921389049347573,0
2023-12-22,0.06277273491400537,0
2023-12-23,-0.40478000979826967,0
2023-12-24,-0.04471672646127983,0
2023-12-25,0.8116340255028731,0
2023-12-26,1.3328569698206176,0
2023-12-27,-1.3499786569552854,0
2023-12-28,-0.288193463775237,0
2023-12-29,-0.4257587835196135,0
2023-12-30,0.3298121390262407,0
2023-12-31,0.6022712842944087,0
2024-01-01,0.7755426462438353,0
2024-01-02,0.23702957726580237,0
2024-01-03,1.3573254645909163,0
2024-01-04,-0.030792519149244524,0
2024-01-05,0.5072913234551494,0
2024-01-06,-0.2934785566897524,0
2024-01-07,1.5753168826793589,0
2024-01-08,0.68989401183458,0
2024-01-09,0.8334534461177017,0
2024-01-10,1.0685687455530914,0
2024-01-11,0.9736266664652461,0
2024-01-12,0.9113565586552375,0
2024-01-13,0.5704456090681196,0
2024-01-14,1.7785369617282067,0
2024-01-15,1.1485871329669222,0
2024-01-16,5.279414338659764,1
2024-01-17,6.084887950150725,1
2024-01-18,6.715166609372723,1
2024-01-19,6.601764976152617,1
2024-01-20,3.778883029916409,1
2024-01-21,5.8702898436333975,1
2024-01-22,5.813504189872827,1
2024-01-23,6.83606977657104,1
2024-01-24,5.23034303610336,1
2024-01-25,5.704344041703053,1
2024-01-26,4.758195468700932,1
2024-01-27,6.676116249302471,1
2024-01-28,6.492396100852179,1
2024-01-29,6.1467071604728485,1
2024-01-30,4.631738294551028,1
2024-01-31,6.172241185760139,1
2024-02-01,5.964424536907816,1
2024-02-02,6.777967479138597,1
2024-02-03,6.975620407426005,1
2024-02-04,6.760484919671937,1
2024-02-05,3.983045519569111,0
2024-02-06,0.5559484583983889,0
2024-02-07,3.197154308114338,0
2024-02-08,2.859995543004731,0
2024-02-09,4.408572782905132,0
2024-02-10,3.2274788221460646,0
2024-02-11,1.6566055580395298,0
2024-02-12,2.158092179915367,0
2024-02-13,2.6506518896055886,0
2024-02-14,1.499745810782173,0
2024-02-15,1.8705783645361993,0
2024-02-16,1.657689929216662,0
2024-02-17,2.7420834530532137,0
2024-02-18,5.07747436796326,0
2024-02-19,4.625512087049379,0
2024-02-20,1.6667494079189522,0
2024-02-21,3.2158745638779993,0
2024-02-22,3.304173556717396,0
2024-02-23,3.3162681722074296,0
2024-02-24,3.0285149144819377,0
2024-02-25,5.300934004715834,0
2024-02-26,3.832478407945032,0
2024-02-27,4.961209574625446,0
2024-02-28,4.314626787252764,0
2024-02-29,4.7743648759223065,0
2024-03-01,4.0184289697263145,0
2024-03-02,2.9724051840165346,0
2024-03-03,3.444678427764024,0
2024-03-04,2.554935188892868,0
2024-03-05,4.918400054749565,0
2024-03-06,2.762520353397421,0
2024-03-07,4.350638084688209,0
2024-03-08,3.600852777017043,0
2024-03-09,4.115015708084821,0
2024-03-10,4.408035022572906,0
2024-03-11,4.337474276449245,0
2024-03-12,4.4190260146836895,0
2024-03-13,5.3655889950260445,0
2024-03-14,4.125337528287559,0
2024-03-15,3.689679686102241,0
2024-03-16,2.9050160676382997,0
2024-03-17,4.277145124090668,0
2024-03-18,4.47246349825731,0
2024-03-19,4.649512800112238,0
2024-03-20,3.267790595589577,0
2024-03-21,4.844884200481748,0
2024-03-22,2.962712013489525,0
2024-03-23,5.699404679883969,0
2024-03-24,2.2521305343116733,0
2024-03-25,2.8765982475017813,0
2024-03-26,1.5408786774057486,0
2024-03-27,4.688294238178123,0
2024-03-28,2.3614996023135006,0
2024-03-29,4.001777609565046,0
2024-03-30,4.526509155548808,0
2024-03-31,5.276440874046838,0
2024-04-01,4.560201118648271,0
2024-04-02,4.053108681293913,0
2024-04-03,4.092689250936414,0
2024-04-04,3.0840703493234867,0
2024-04-05,8.443823413995561,1
2024-04-06,9.61981551048212,1
2024-04-07,5.985623988846013,1
2024-04-08,7.24288705630879,1
2024-04-09,7.222543133952775,1
2024-04-10,6.922241226006664,1
2024-04-11,8.973222006939663,1
2024-04-12,5.789478316038665,1
2024-04-13,7.9057612641441075,1
2024-04-14,8.082766165539665,1
2024-04-15,6.285697019494584,1
2024-04-16,6.497095380191199,1
2024-04-17,8.059685259823276,1
2024-04-18,10.48291822315526,1
2024-04-19,9.746797886570166,1
2024-04-20,6.269595452580346,1
2024-04-21,8.850829845585169,1
2024-04-22,7.654053274434558,1
2024-04-23,8.969294226523626,1
2024-04-24,6.056095741154733,1
2024-04-25,2.934404554745119,0
2024-04-26,2.2312225618667,0
2024-04-27,4.7978874751284275,0
2024-04-28,4.741632928194692,0
2024-04-29,3.555382893936672,0
2024-04-30,2.361168339552222,0
2024-05-01,2.866946063402172,0
2024-05-02,1.6761280023504865,0
2024-05-03,1.50758679838699,0
2024-05-04,2.8498203872657975,0
2024-05-05,2.808253314238184,0
2024-05-06,5.817684995338793,0
2024-05-07,2.684271952347442,0
2024-05-08,2.8505910815911992,0
2024-05-09,3.82226753464124,0
2024-05-10,0.49609683269061833,0
2024-05-11,4.479749119562529,0
2024-05-12,2.1080390534226527,0
2024-05-13,3.3082424800801764,0
2024-05-14,1.879492856754573,0
2024-05-15,-0.18207375456339125,0
2024-05-16,1.4977277344917392,0
2024-05-17,3.7122844562026005,0
2024-05-18,1.7714571256452305,0
2024-05-19,1.620422487721584,0
2024-05-20,4.1282106095775974,0
2024-05-21,3.761162959560029,0
2024-05-22,1.728900328708532,0
2024-05-23,3.1857471823617702,0
2024-05-24,3.0929763871022526,0
2024-05-25,1.2061778020001,0
2024-05-26,0.4665419894692022,0
2024-05-27,1.9453826903345393,0
2024-05-28,1.4442712622251754,0
2024-05-29,1.3263386255552572,0
2024-05-30,2.877266485973906,0
2024-05-31,1.813133678201753,0
2024-06-01,2.085406784085931,0
2024-06-02,1.5193299664552598,0
2024-06-03,0.986343650987597,0
2024-06-04,2.5907225677843786,0
2024-06-05,2.0335712357501743,0
2024-06-06,1.1355147352780948,0
2024-06-07,0.329100861988741,0
2024-06-08,-0.11360363704635379,0
2024-06-09,-0.9171691066832743,0
2024-06-10,0.2513336014276525,0
2024-06-11,0.3037547186529467,0
2024-06-12,0.35193752739309037,0
2024-06-13,1.123879140547056,0
2024-06-14,0.8217776270191456,0
2024-06-15,1.2006898134327235,0
2024-06-16,0.9721615781345326,0
2024-06-17,0.7042991972333935,0
2024-06-18,0.23895599918649418,0
2024-06-19,-0.6812126680908349,0
2024-06-20,0.7710851820878459,0
2024-06-21,-0.6287453341457129,0
2024-06-22,0.9824384021938473,0
2024-06-23,2.451305153660518,0
2024-06-24,3.8843006365565156,1
2024-06-25,4.697734803437863,1
2024-06-26,4.587210551009499,1
2024-06-27,2.1477296000135846,1
2024-06-28,3.8072213423244725,1
2024-06-29,4.6545104754336375,1
2024-06-30,2.645718176774602,1
2024-07-01,3.3399344834321525,1
2024-07-02,4.668387790956917,1
2024-07-03,3.7785982883415294,1
2024-07-04,4.06421134355139,1
2024-07-05,3.4486605783158373,1
2024-07-06,3.169778629439225,1
2024-07-07,2.498370768988811,1
2024-07-08,3.482214367508557,1
2024-07-09,2.5332620868602653,1
2024-07-10,4.955127593668539,1
2024-07-11,1.8484256644885155,1
2024-07-12,2.9903134531758426,1
2024-07-13,2.782739073678113,1
2024-07-14,-1.2140465862802838,0
2024-07-15,-1.0123287762607882,0
2024-07-16,-0.2246123013259551,0
2024-07-17,-1.1832081166028714,0
2024-07-18,0.7904522629859791,0
2024-07-19,-0.8866702046585933,0
2024-07-20,0.4965054824524129,0
2024-07-21,-1.68386360438826,0
2024-07-22,-1.694858117900867,0
2024-07-23,-0.32384650612991206,0
2024-07-24,-0.8552620227990642,0
2024-07-25,-1.720884675812993,0
2024-07-26,-1.92475202125832,0
2024-07-27,-3.856259593538805,0
2024-07-28,-2.4184090860741656,0
2024-07-29,-3.8968547443424897,0
2024-07-30,-1.876587812335766,0
2024-07-31,-3.2918144966912664,0
2024-08-01,-2.3901685922974094,0
2024-08-02,-3.7236776583387643,0
2024-08-03,-1.551981431058648,0
2024-08-04,-2.585324139291192,0
2024-08-05,-1.8140285723797147,0
2024-08-06,-2.800434032290124,0
2024-08-07,-3.018065410035514,0
2024-08-08,-3.5963891731677906,0
2024-08-09,-2.778423077006319,0
2024-08-10,-3.3575314035072226,0
2024-08-11,-2.4962868091002153,0
2024-08-12,-3.370298023065161,0
2024-08-13,-3.1615252254910797,0
2024-08-14,-1.4642287188058576,0
2024-08-15,-1.9039586914632631,0
2024-08-16,-3.5914759575875324,0
2024-08-17,-2.3509316402572455,0
2024-08-18,-3.41435937571269,0
2024-08-19,-3.7342056483711072,0
2024-08-20,-2.881675700353751,0
2024-08-21,-3.3609291215337693,0
2024-08-22,-1.9309398737389685,0
2024-08-23,-3.9282888019955586,0
2024-08-24,-2.6331677437221845,0
2024-08-25,-3.358811774287743,0
2024-08-26,-3.3529358265190305,0
2024-08-27,-5.062831277316969,0
2024-08-28,-3.5636877735229273,0
2024-08-29,-3.080771963788723,0
2024-08-30,-4.753170238407264,0
2024-08-31,-3.2299893981991774,0
2024-09-01,-4.059005529453499,0
2024-09-02,-3.2441034794628267,0
2024-09-03,-2.94957066898115,0
2024-09-04,-3.196617548323799,0
2024-09-05,-2.717207218497988,0
2024-09-06,-3.992666031717018,0
2024-09-07,-4.388202768254963,0
2024-09-08,-4.2052864673918515,0
2024-09-09,-3.8489090517866917,0
2024-09-10,-2.892071286217189,0
2024-09-11,-4.211331908484689,0
2024-09-12,0.2649564206058965,1
2024-09-13,1.4621740535106227,1
2024-09-14,-0.18613615675810724,1
2024-09-15,1.0753406023773513,1
2024-09-16,-0.4545226096524342,1
2024-09-17,1.245889337792855,1
2024-09-18,-1.3379384011847426,1
2024-09-19,0.06790027973120516,1
2024-09-20,-0.3849004421410065,1
2024-09-21,0.8003182809812435,1
2024-09-22,1.4152670829251575,1
2024-09-23,0.47014444247535137,1
2024-09-24,0.16889752010941583,1
2024-09-25,-0.7922266502271516,1
2024-09-26,0.8056958033258548,1
2024-09-27,2.4124737038538346,1
2024-09-28,-0.08161779971207217,1
2024-09-29,-0.6573571670676337,1
2024-09-30,-1.7186553401566131,1
2024-10-01,1.0968419769741873,1
2024-10-02,-4.2818213230465965,0
2024-10-03,-4.889463220438111,0
2024-10-04,-2.5130575323305955,0
2024-10-05,-3.661612205476768,0
2024-10-06,-4.25508208481635,0
2024-10-07,-3.940489289137521,0
2024-10-08,-4.5722132054187385,0
2024-10-09,-5.7364472743737505,0
2024-10-10,-3.0962969452571256,0
2024-10-11,-2.7379086673630337,0
2024-10-12,-3.5835474633033115,0
2024-10-13,-4.289432148485245,0
2024-10-14,-3.447241127328356,0
2024-10-15,-2.064501823532969,0
2024-10-16,-2.3312768574069826,0
2024-10-17,-3.4904432626822626,0
2024-10-18,-4.069767305855072,0
2024-10-19,-2.1717890852596553,0
2024-10-20,-6.217928283964581,0
2024-10-21,-3.0700784264506504,0
2024-10-22,-4.261057046588908,0
2024-10-23,-4.201995102622097,0
2024-10-24,-2.7451159189998595,0
2024-10-25,-4.833594106699193,0
2024-10-26,-4.850544895363886,0
2024-10-27,-2.9205265575835773,0
2024-10-28,-2.4241562075060656,0
2024-10-29,-1.1240362551231358,0
2024-10-30,-2.405655376392854,0
2024-10-31,-2.6340492266649598,0
2024-11-01,-0.6843526458713427,0
2024-11-02,-2.1343452035364026,0
2024-11-03,-2.4240822431537685,0
2024-11-04,-2.486540661048531,0
2024-11-05,-2.841969371940319,0
2024-11-06,-3.405973347020503,0
2024-11-07,-2.382325826074937,0
2024-11-08,-3.9346981793627034,0
2024-11-09,-3.1910487102909624,0
2024-11-10,-0.6370584304476143,0
2024-11-11,-3.293092027054809,0
2024-11-12,-1.7201693314623951,0
2024-11-13,-3.482219508521393,0
2024-11-14,-2.9246787890789436,0
2024-11-15,-1.2546021953638307,0
2024-11-16,-1.538963809836531,0
2024-11-17,-3.3866027791766298,0
2024-11-18,-3.2433240443872275,0
2024-11-19,-1.7059535502670031,0
2024-11-20,-1.5458978359255267,0
2024-11-21,0.28815469990064724,0
2024-11-22,-3.207303677175695,0
2024-11-23,-0.17446329750092437,0
2024-11-24,-1.118930463805649,0
2024-11-25,-1.5951018808858395,0
2024-11-26,-1.8039729486260738,0
2024-11-27,-0.7970851089632741,0
2024-11-28,-3.1871001021115184,0
2024-11-29,-1.4440883904717938,0
2024-11-30,-1.5393408583402208,0
2024-12-01,3.9729845750937534,1
2024-12-02,2.731549277687945,1
2024-12-03,2.186889780095129,1
2024-12-04,2.495493913541556,1
2024-12-05,3.846129630649119,1
2024-12-06,4.461860820037046,1
2024-12-07,2.1844170104427705,1
2024-12-08,3.3906182170163377,1
2024-12-09,3.3227808310771474,1
2024-12-10,2.126507299235943,1
2024-12-11,2.541204009591309,1
2024-12-12,4.01866816577138,1
2024-12-13,4.184957459780222,1
2024-12-14,3.792208962657228,1
2024-12-15,4.770895146495204,1
2024-12-16,2.9657212320257704,1
2024-12-17,3.6325705420859453,1
2024-12-18,3.4797616545047285,1
2024-12-19,4.182699702620393,1
2024-12-20,3.902688914064076,1
2024-12-21,0.4331558450463212,0
2024-12-22,-1.7263604850806296,0
2024-12-23,1.064129862345174,0
2024-12-24,-0.643242520549246,0
2024-12-25,-0.15201509885269027,0
2024-12-26,0.8629790004208893,0
2024-12-27,0.350943299306377,0
2024-12-28,0.8318433424995373,0
2024-12-29,-0.10627501476935763,0
2024-12-30,-0.43263478801363386,0
2024-12-31,1.8063828356893599,0
2025-01-01,-0.5441694825971312,0
2025-01-02,0.2844038838435702,0
2025-01-03,0.04260524212194483,0
2025-01-04,0.5558295878315693,0
2025-01-05,-0.013530820174500136,0
2025-01-06,2.6284575728405244,0
2025-01-07,0.8808391591059908,0
2025-01-08,1.3041680309702648,0
2025-01-09,0.5854957271663993,0
2025-01-10,1.8089640581155948,0
2025-01-11,2.494324314396301,0
2025-01-12,0.6875284446549036,0
2025-01-13,0.8228500576088343,0
2025-01-14,2.6875839358320617,0
2025-01-15,2.279864727538957,0
2025-01-16,1.8048890594713458,0
2025-01-17,2.1567714715149697,0
2025-01-18,2.678227961033726,0
2025-01-19,2.9613988449268,0
2025-01-20,2.3287387103852493,0
2025-01-21,3.295680252122315,0
2025-01-22,2.60937210348554,0
2025-01-23,3.767557671048102,0
2025-01-24,3.8804188858535964,0
2025-01-25,3.6701603525469704,0
2025-01-26,2.1568811810372033,0
2025-01-27,2.7674400877354493,0
2025-01-28,3.916861026807239,0
2025-01-29,3.4643278086852374,0
2025-01-30,2.4081680751393213,0
2025-01-31,3.1512382005559934,0
2025-02-01,1.8114530982333006,0
2025-02-02,0.11067968456916333,0
2025-02-03,2.9767844714193856,0
2025-02-04,3.0714436442000412,0
2025-02-05,2.274229905149659,0
2025-02-06,3.7596066904955836,0
2025-02-07,2.5693422944481754,0
2025-02-08,1.8031796152225457,0
2025-02-09,2.547000536748574,0
2025-02-10,2.0644592047205714,0
2025-02-11,4.238679741229902,0
2025-02-12,4.128109365799233,0
2025-02-13,2.9949427276169525,0
2025-02-14,3.190743265371364,0
2025-02-15,4.77094026902386,0
2025-02-16,4.071422433209222,0
2025-02-17,1.2222946858461685,0
2025-02-18,3.8623911662243833,0
2025-02-19,7.145256060713638,1
2025-02-20,6.164572577954751,1
2025-02-21,8.774852695155614,1
2025-02-22,7.410365592962723,1
2025-02-23,7.7421579014602075,1
2025-02-24,7.349521484970664,1
2025-02-25,7.362615411232696,1
2025-02-26,6.820822328534366,1
2025-02-27,8.942701138356517,1
2025-02-28,7.7424415967846025,1
2025-03-01,6.8354945964263925,1
2025-03-02,7.974593298389339,1
2025-03-03,8.379681042364258,1
2025-03-04,7.784208261657845,1
2025-03-05,8.640325302794713,1
2025-03-06,6.018474993968087,1
2025-03-07,7.255083837139546,1
2025-03-08,8.856575980709327,1
2025-03-09,9.179159971481994,1
2025-03-10,7.041273885845319,1
2025-03-11,3.210331356895325,0
2025-03-12,4.138413993699701,0
2025-03-13,3.408588970192822,0
2025-03-14,4.257834196004459,0
2025-03-15,5.144592651267886,0
2025-03-16,5.84623869917133,0
2025-03-17,4.938228764819136,0
2025-03-18,4.401998523709765,0
2025-03-19,2.7234297790319903,0
2025-03-20,1.8584297324625054,0
2025-03-21,4.077983247160125,0
2025-03-22,2.988473682681124,0
2025-03-23,4.182141634335486,0
2025-03-24,4.6455133996666635,0
2025-03-25,1.5112044940954776,0
2025-03-26,6.742619851942949,0
2025-03-27,6.215756341326649,0
2025-03-28,4.909585865234277,0
2025-03-29,4.9939642193021045,0
2025-03-30,3.710151044754514,0
2025-03-31,4.3241558334518,0
2025-04-01,2.9663959116044314,0
2025-04-02,3.5400730172050987,0
2025-04-03,3.46780536292253,0
2025-04-04,5.8024088725220135,0
2025-04-05,3.4996336842401874,0
2025-04-06,4.927730627988383,0
2025-04-07,1.5142850004547692,0
2025-04-08,5.135285432660468,0
2025-04-09,5.307762788747254,0
2025-04-10,3.296857152692078,0
2025-04-11,4.135211362057784,0
2025-04-12,5.125322821701159,0
2025-04-13,4.032784173401519,0
2025-04-14,3.1954576425911894,0
2025-04-15,2.597621473768729,0
2025-04-16,3.7410413835079317,0
2025-04-17,3.3358875855246577,0
2025-04-18,1.3483901135582177,0
2025-04-19,4.601127398169344,0
2025-04-20,4.297690829542813,0
2025-04-21,1.8985713223589837,0
2025-04-22,2.0035501817715504,0
2025-04-23,5.1818334432296735,0
2025-04-24,2.2735135643293756,0
2025-04-25,3.7897290912525503,0
2025-04-26,2.4265061436924062,0
2025-04-27,2.8794626473020606,0
2025-04-28,4.859140521641472,0
2025-04-29,1.8463477939415747,0
2025-04-30,4.853299168021367,0
2025-05-01,4.610279460478844,0
2025-05-02,2.185898179850015,0
2025-05-03,3.9270532694752514,0
2025-05-04,1.420614731585411,0
2025-05-05,1.954676416394014,0
2025-05-06,1.2197301532506817,0
2025-05-07,3.1065021127138372,0
2025-05-08,3.3374146358156143,0
2025-05-09,0.30736978038987406,0
2025-05-10,6.502440853927011,1
2025-05-11,6.645718715850555,1
2025-05-12,7.091318898552381,1
2025-05-13,4.804303920665663,1
2025-05-14,6.871360886785923,1
2025-05-15,5.638435661474631,1
2025-05-16,6.32762091034566,1
2025-05-17,8.272571600862932,1
2025-05-18,7.028957013600763,1
2025-05-19,4.432361518773595,1
2025-05-20,4.821853253439551,1
2025-05-21,5.948107279343728,1
2025-05-22,6.936507925363903,1
2025-05-23,5.455605946251975,1
2025-05-24,5.331219019327865,1
2025-05-25,4.913640447416502,1
2025-05-26,5.900181146526606,1
2025-05-27,5.314346898558415,1
2025-05-28,6.037308503272806,1
2025-05-29,4.2290102296271215,1
2025-05-30,2.2161224204522485,0
2025-05-31,2.3267380933554023,0
2025-06-01,2.562070537665707,0
2025-06-02,0.565779096028752,0
2025-06-03,1.5263228638700803,0
2025-06-04,1.2522221726616252,0
2025-06-05,0.7427416718420096,0
2025-06-06,0.1430336785955474,0
2025-06-07,2.5959011163591166,0
2025-06-08,-1.338776280075902,0
2025-06-09,1.0146591260751643,0
2025-06-10,2.1606334642211817,0
2025-06-11,1.9314241735809652,0
2025-06-12,-1.8879741644529433,0
2025-06-13,0.918834914755141,0
2025-06-14,-0.8640788391315606,0
2025-06-15,1.2544060110910977,0
2025-06-16,-0.9471879470797531,0
2025-06-17,-0.48796171373555713,0
2025-06-18,1.5259466271209565,0
2025-06-19,0.08515330498206759,0
2025-06-20,-0.26179233535961255,0
2025-06-21,-0.7594437316883231,0
2025-06-22,0.12916468961500205,0
2025-06-23,0.10702033013148421,0
2025-06-24,-1.06585630616784,0
2025-06-25,-0.7735452255941193,0
2025-06-26,0.257141316650063,0
2025-06-27,-0.2943878280693935,0
2025-06-28,-1.5130841731250912,0
2025-06-29,-0.8845012992570673,0
2025-06-30,-0.631431435969597,0
2025-07-01,-1.4985074888226797,0
2025-07-02,-0.4375618657008262,0
2025-07-03,-1.019604852052961,0
2025-07-04,-2.3358839022559117,0
2025-07-05,-0.8946410888333745,0
2025-07-06,-1.934508517747981,0
2025-07-07,-1.404400863615257,0
2025-07-08,-1.2968145273758365,0
2025-07-09,-2.2798014120199372,0
2025-07-10,-1.684532031633977,0
2025-07-11,-1.1147724656890299,0
2025-07-12,-2.539906952350955,0
2025-07-13,-2.9219453750976676,0
2025-07-14,-0.7642149930807255,0
2025-07-15,-1.4723556295856657,0
2025-07-16,-1.2147855925998932,0
2025-07-17,-1.371426961017099,0
2025-07-18,-0.7029178042780948,0
2025-07-19,-0.8170205350358819,0
2025-07-20,-0.32709454178174835,0
2025-07-21,-1.364978675699464,0
2025-07-22,-1.5128679373924072,0
2025-07-23,-1.9798228352504736,0
2025-07-24,-1.6020160703274142,0
2025-07-25,-3.954701931252755,0
2025-07-26,-3.30773063108473,0
2025-07-27,-2.391760632194753,0
2025-07-28,-4.06247740563538,0
2025-07-29,1.0205735159648572,1
2025-07-30,-0.3337474102731841,1
2025-07-31,1.3078878927788193,1
2025-08-01,1.5680629935579566,1
2025-08-02,-0.7165630125374509,1
2025-08-03,-0.8491917992770173,1
2025-08-04,1.107800423753197,1
2025-08-05,0.22943480876200484,1
2025-08-06,1.0143142705914108,1
2025-08-07,1.9836427698942547,1
2025-08-08,0.7020726020037444,1
2025-08-09,1.3615357005648598,1
2025-08-10,0.4555704637993845,1
2025-08-11,1.1861311744250562,1
2025-08-12,1.280197288423285,1
2025-08-13,1.1184263022545173,1
2025-08-14,2.9703974859529354,1
2025-08-15,1.9846972706246002,1
2025-08-16,-0.5174046661588036,1
2025-08-17,1.9910154263534734,1
2025-08-18,-3.606152684498374,0
2025-08-19,-3.4970058053349016,0
2025-08-20,-2.925577897988656,0
2025-08-21,-2.74117004506905,0
2025-08-22,-4.297357001316098,0
2025-08-23,-3.7658757929939934,0
2025-08-24,-3.7807079656261497,0
2025-08-25,-4.297777490492211,0
2025-08-26,-2.7156856327756462,0
2025-08-27,-4.276864697954691,0
2025-08-28,-3.125130035183802,0
2025-08-29,-1.188380700199565,0
2025-08-30,-2.7217439295803603,0
2025-08-31,-2.9799201292149844,0
2025-09-01,-3.6839243866402254,0
2025-09-02,-3.1522657563724636,0
2025-09-03,-4.740627213522914,0
2025-09-04,-3.58806879488723,0
2025-09-05,-3.4199067533256473,0
2025-09-06,-3.455240037349295,0
2025-09-07,-2.230008356032781,0
2025-09-08,-4.00717559668068,0
2025-09-09,-2.680638914201287,0
2025-09-10,-5.254008835461193,0
2025-09-11,-2.8768651525498887,0
2025-09-12,-2.6818303690934426,0
2025-09-13,-1.640683257622971,0
2025-09-14,-5.171706842446848,0
2025-09-15,-2.183283351924116,0
2025-09-16,-3.2236188864836377,0
2025-09-17,-4.842244234381595,0
2025-09-18,-3.0927486496986965,0
2025-09-19,-4.691255801117112,0
2025-09-20,-3.7889304394636003,0
2025-09-21,-2.1365220947976287,0
2025-09-22,-2.967527965771009,0
2025-09-23,-4.7383195648004,0
2025-09-24,-2.3667172386174484,0
2025-09-25,-2.745725903829915,0
2025-09-26,-3.8505174356653016,0
2025-09-27,-4.40338048832281,0
2025-09-28,-4.453208296762752,0
2025-09-29,-3.404591754545671,0
2025-09-30,-4.623248605876971,0
2025-10-01,-3.455187296286416,0
2025-10-02,-4.398391568791341,0
2025-10-03,-3.9933745489262624,0
2025-10-04,-4.679538216643257,0
2025-10-05,-4.7787508090568425,0
2025-10-06,-4.405670186795369,0
2025-10-07,-3.552211189312672,0
2025-10-08,-2.972634060304414,0
2025-10-09,-5.046016903330601,0
2025-10-10,-4.552219649635536,0
2025-10-11,-2.819930776811196,0
2025-10-12,-4.378993693372852,0
2025-10-13,-4.077596198717822,0
2025-10-14,-4.7862591152223,0
2025-10-15,-3.793363798885517,0
2025-10-16,-4.325692508296844,0
2025-10-17,-1.0000512317206347,1
2025-10-18,1.1522264257376644,1
2025-10-19,-0.5744162187758324,1
2025-10-20,0.26051044805810974,1
2025-10-21,-0.12005907944589289,1
2025-10-22,0.6531485261385792,1
2025-10-23,0.519399721314278,1
2025-10-24,2.163481897783181,1
2025-10-25,1.3601500025879192,1
2025-10-26,0.18410255574718848,1
2025-10-27,-0.23715829558821255,1
2025-10-28,0.07790060963832346,1
2025-10-29,0.6701415873009253,1
2025-10-30,0.9631136213146756,1
2025-10-31,2.56073993955966,1
2025-11-01,0.8434069999342708,1
2025-11-02,0.7410272209793418,1
2025-11-03,-0.04209591447601202,1
2025-11-04,3.848948688030932,1
2025-11-05,2.406816159103961,1
2025-11-06,-2.4424323997869406,0
2025-11-07,-4.004861196449962,0
2025-11-08,-2.3771609202954633,0
2025-11-09,-1.0364732794022558,0
2025-11-10,-2.273359537481464,0
2025-11-11,-1.3664087492769847,0
2025-11-12,-3.7945234658028983,0
2025-11-13,-2.404686467057854,0
2025-11-14,-1.3338226138539,0
2025-11-15,-2.390370731175182,0
2025-11-16,-0.8452668780865935,0
2025-11-17,-1.3780264250949488,0
2025-11-18,-2.3132139792572417,0
2025-11-19,-1.7095213302385286,0
2025-11-20,-2.2820550696588318,0
2025-11-21,-0.6660300546780948,0
2025-11-22,-0.9533737005770773,0
2025-11-23,-0.7228318640881015,0
2025-11-24,-1.7391774120214198,0
2025-11-25,-2.7742988923398135,0
2025-11-26,-0.9269782406324371,0
2025-11-27,-1.1305335148982296,0
2025-11-28,-2.495749984541181,0
2025-11-29,-0.9868339263372036,0
2025-11-30,-2.4214607373944026,0
2025-12-01,0.03987554470241528,0
2025-12-02,-0.27564542940371695,0
2025-12-03,-2.078815993607271,0
2025-12-04,-0.07389397170986645,0
2025-12-05,-0.11484198910789312,0
2025-12-06,-0.5499711726937613,0
2025-12-07,-1.2397503697386218,0
2025-12-08,-0.9709525009016939,0
2025-12-09,-0.885860300364574,0
2025-12-10,0.3155318348611999,0
2025-12-11,-0.877871805067693,0
2025-12-12,-0.40304918582457605,0
2025-12-13,-0.3118979734408946,0
2025-12-14,-0.5978214731042224,0
2025-12-15,-1.1954375990130934,0
2025-12-16,-0.5336335012602393,0
2025-12-17,0.2007825855528092,0
2025-12-18,-0.16421291388538128,0
2025-12-19,0.8063899189424224,0
2025-12-20,0.06364290227609601,0
2025-12-21,1.706866464440946,0
2025-12-22,-0.08269197963519448,0
2025-12-23,1.831619404262037,0
2025-12-24,1.0259971501459366,0
2025-12-25,-0.8215055266916664,0
2025-12-26,2.1842897329550923,0
2025-12-27,0.5031905031390891,0
2025-12-28,-0.11979635791326992,0
2025-12-29,1.2287722693749712,0
2025-12-30,4.540473547710965,0
2025-12-31,1.7727536386651521,0
2026-01-01,1.0996407951351037,0
2026-01-02,0.31174480576676933,0
2026-01-03,2.9595859976775203,0
2026-01-04,1.0481985251678152,0
2026-01-05,5.151917059402828,1
2026-01-06,6.167255209726233,1
2026-01-07,6.8688549895699405,1
2026-01-08,5.280711516389541,1
2026-01-09,4.974455146518925,1
2026-01-10,5.8264037741734,1
2026-01-11,4.372493477786422,1
2026-01-12,6.3363785039888105,1
2026-01-13,6.486376040114032,1
2026-01-14,5.095430726497316,1
2026-01-15,7.328973828041335,1
2026-01-16,5.290643874687787,1
2026-01-17,6.371572790987456,1
2026-01-18,6.934116726551643,1
2026-01-19,7.034897588794899,1
2026-01-20,5.142761874695497,1
2026-01-21,5.927429342550696,1
2026-01-22,5.9208909946491435,1
2026-01-23,6.824994238390553,1
2026-01-24,7.41813217388467,1
2026-01-25,3.2491788722286254,0
2026-01-26,2.867614786395932,0
2026-01-27,3.2684765782672587,0
2026-01-28,2.491400151573625,0
2026-01-29,2.814997374267134,0
2026-01-30,2.940052171770451,0
2026-01-31,1.8863109693486657,0
2026-02-01,1.6347519769725567,0
2026-02-02,0.6901223024011975,0
2026-02-03,2.429318890629956,0
2026-02-04,5.091597532358399,0
2026-02-05,5.134863905682075,0
2026-02-06,3.518793133877433,0
2026-02-07,3.3866604949701355,0
2026-02-08,4.278083871975584,0
2026-02-09,4.4762988934002035,0
2026-02-10,3.516042850167954,0
2026-02-11,6.011164774039395,0
2026-02-12,2.745591182397588,0
2026-02-13,2.30946132012619,0
2026-02-14,2.7797139504150943,0
2026-02-15,0.3814235633188825,0
2026-02-16,3.1786661879767806,0
2026-02-17,2.868149470314619,0
2026-02-18,4.336786501400831,0
2026-02-19,4.101617038467376,0
2026-02-20,3.6621794602172275,0
2026-02-21,2.731899570780703,0
2026-02-22,3.061211029255713,0
2026-02-23,2.7905445058513845,0
2026-02-24,2.8307769275243184,0
2026-02-25,3.351484004072711,0
2026-02-26,4.858290688098158,0
2026-02-27,3.398629698873237,0
2026-02-28,3.8436135901313295,0
2026-03-01,3.1653185861509847,0
2026-03-02,3.332263383523583,0
2026-03-03,3.668122969136361,0
2026-03-04,3.3389013634527025,0
2026-03-05,4.5656996122439,0
2026-03-06,4.518372242613547,0
2026-03-07,4.477953503242468,0
2026-03-08,4.301956920783137,0
2026-03-09,2.8164466749320827,0
2026-03-10,5.205402126983394,0
2026-03-11,4.098824803783101,0
2026-03-12,2.8179664061594125,0
2026-03-13,6.008228285136756,0
2026-03-14,4.419954912969651,0
2026-03-15,5.062445874189134,0
2026-03-16,5.49538417022398,0
2026-03-17,5.7787922970925045,0
2026-03-18,3.208780410131777,0
2026-03-19,3.7479903543514252,0
2026-03-20,4.736313268140007,0
2026-03-21,6.11551415075763,0
2026-03-22,4.243670998592941,0
2026-03-23,3.4381243609550687,0
2026-03-24,4.49865415414698,0
2026-03-25,2.240056203085932,0
2026-03-26,7.868047363774121,1
2026-03-27,7.586461643866099,1
2026-03-28,7.051240651749115,1
2026-03-29,7.021184245708839,1
2026-03-30,7.277518086514325,1
2026-03-31,7.237867707823865,1
2026-04-01,6.069926156190412,1
2026-04-02,8.138252231745996,1
2026-04-03,9.284644351056855,1
2026-04-04,7.283061559434158,1
2026-04-05,7.340443377130124,1
2026-04-06,6.561286698926728,1
2026-04-07,7.547447417848224,1
2026-04-08,8.218233347054962,1
2026-04-09,7.576619915017368,1
2026-04-10,7.305505481006115,1
2026-04-11,7.9196962445287795,1
2026-04-12,8.052887975120441,1
2026-04-13,6.180497987534186,1
2026-04-14,8.51529801588221,1
2026-04-15,3.2616888136083424,0
2026-04-16,3.5136765951608817,0
2026-04-17,2.1408258316455084,0
2026-04-18,2.84146307087659,0
2026-04-19,4.893840879739406,0
2026-04-20,3.669798613926107,0
2026-04-21,3.326515126111756,0
2026-04-22,4.561986914120932,0
2026-04-23,3.060348046677895,0
2026-04-24,3.8516010012012094,0
2026-04-25,3.9900189276434443,0
2026-04-26,4.012670970194488,0
2026-04-27,2.8306650521415824,0
2026-04-28,2.5136148905093103,0
2026-04-29,4.296114389403154,0
2026-04-30,4.786293346495409,0
2026-05-01,3.1187643932724427,0
2026-05-02,3.091395415013736,0
2026-05-03,3.518527999836155,0
2026-05-04,4.1974506593773295,0
2026-05-05,1.1421310783661676,0
2026-05-06,1.692655414269107,0
2026-05-07,1.5137056221094287,0
2026-05-08,2.9625214512120097,0
2026-05-09,2.2323109312806038,0
2026-05-10,2.4435450362917104,0
2026-05-11,1.1947961676833898,0
2026-05-12,0.9614511931527279,0
2026-05-13,3.070914510967271,0
2026-05-14,3.3629119404921095,0
2026-05-15,2.0653842882426376,0
2026-05-16,2.2185471570084507,0
2026-05-17,2.1972040324783912,0
2026-05-18,2.325166162645434,0
2026-05-19,1.4377970287672148,0
2026-05-20,3.4590835714530925,0
2026-05-21,-0.15564253780185355,0
2026-05-22,3.197401090351635,0
2026-05-23,3.053600693807844,0
2026-05-24,1.9010126733245667,0
2026-05-25,0.4870459717226351,0
2026-05-26,-1.7312811981469673,0
2026-05-27,0.31275728005191994,0
2026-05-28,2.0492532442367573,0
2026-05-29,-0.34098840918046736,0
2026-05-30,1.754104865211469,0
2026-05-31,0.15533982366348054,0
2026-06-01,1.6048542205223417,0
2026-06-02,-0.4608844343680155,0
2026-06-03,1.6533661155450423,0
2026-06-04,1.8408749812844971,0
2026-06-05,-1.0135545603634384,0
2026-06-06,0.31237206038730553,0
2026-06-07,1.2701352844836362,0
2026-06-08,0.5714749295945772,0
2026-06-09,0.2731940361931095,0
2026-06-10,0.3515843428080444,0
2026-06-11,-1.3261337559272954,0
2026-06-12,-0.41602549092401825,0
2026-06-13,-0.04273844879801619,0
2026-06-14,2.3955003540435182,1
2026-06-15,3.2657648641189687,1
2026-06-16,4.709757250668009,1
2026-06-17,3.164488863738787,1
2026-06-18,3.9061649649294887,1
2026-06-19,4.151342096903667,1
2026-06-20,4.9343294418601715,1
2026-06-21,2.4027210761688513,1
2026-06-22,4.636116472994111,1
2026-06-23,4.668003634863515,1
2026-06-24,4.658374398756361,1
2026-06-25,3.17134499296121,1
2026-06-26,3.20844929395511,1
2026-06-27,2.0712378646602243,1
2026-06-28,3.4777635647098686,1
2026-06-29,3.872895430668766,1
2026-06-30,2.330321615160923,1
2026-07-01,0.777252968308821,1
2026-07-02,2.684854133377738,1
2026-07-03,3.343237184243558,1
2026-07-04,-1.672977428711341,0
2026-07-05,-1.5122898567900371,0
2026-07-06,-0.2391413351046603,0
2026-07-07,-1.1246127974295783,0
2026-07-08,-2.7191880423520978,0
2026-07-09,-1.5075095384596584,0
2026-07-10,-2.1124531984054946,0
2026-07-11,-0.9421292973016882,0
2026-07-12,-4.740593655226708,0
2026-07-13,-1.5113471590364091,0
2026-07-14,-3.095237571581401,0
2026-07-15,-3.92088424872548,0
2026-07-16,-4.665788376142977,0
2026-07-17,-2.740064083068342,0
2026-07-18,-1.9200437879867231,0
2026-07-19,-3.1174758666498428,0
2026-07-20,-2.149138454356121,0
2026-07-21,-3.031932330588984,0
2026-07-22,-1.5249964520212562,0
2026-07-23,-2.028174032886619,0
2026-07-24,-3.0572372845387625,0
2026-07-25,-3.8582218431675797,0
2026-07-26,-3.2974723727535933,0
2026-07-27,-4.099201099981708,0
2026-07-28,-3.8189798595147773,0
2026-07-29,-2.3705530367309233,0
2026-07-30,-2.5561117773210356,0
2026-07-31,-1.3375850882344484,0
2026-08-01,-3.4599547582588164,0
2026-08-02,-3.0270882563021404,0
2026-08-03,-3.9023492105791338,0
2026-08-04,-4.322390376958131,0
2026-08-05,-2.658242078148988,0
2026-08-06,-4.4243737037526465,0
2026-08-07,-4.489776769520304,0
2026-08-08,-2.811838425271142,0
2026-08-09,-3.2506634384151454,0
2026-08-10,-3.968510798832551,0
2026-08-11,-3.3263331739696396,0
2026-08-12,-5.345307966417489,0
2026-08-13,-4.806953162869421,0
2026-08-14,-4.1600363385126595,0
2026-08-15,-3.264727685256799,0
2026-08-16,-4.0462125856395454,0
2026-08-17,-3.0554789191889813,0
2026-08-18,-1.8787673541035748,0
2026-08-19,-4.057378524547185,0
2026-08-20,-4.399141161854146,0
2026-08-21,-4.458961372422819,0
2026-08-22,-2.3148019626981267,0
2026-08-23,-2.1540361460494872,0
2026-08-24,-4.657024531700416,0
2026-08-25,-3.1828829490797945,0
2026-08-26,-2.679502936852452,0
2026-08-27,-4.813498657636398,0
2026-08-28,-4.016444003077897,0
2026-08-29,-4.552279020465308,0
2026-08-30,-4.258539238902078,0
2026-08-31,-3.6748281926286426,0
2026-09-01,-3.1919709724143086,0
2026-09-02,-0.3902264938460931,1
2026-09-03,0.006594371290473688,1
2026-09-04,-2.543560576294583,1
2026-09-05,0.20595298583684674,1
2026-09-06,-0.9806187290810975,1
2026-09-07,0.042473945253184375,1
2026-09-08,1.6195062703118692,1
2026-09-09,0.4682724281128552,1
2026-09-10,-0.7853687072614584,1
2026-09-11,0.21325114796820754,1
2026-09-12,-0.053094244453640194,1
2026-09-13,0.32832086685697126,1
2026-09-14,-0.84999045962814,1
2026-09-15,0.9331208891326468,1
2026-09-16,-0.5110269218790844,1
2026-09-17,0.47257442558608087,1
2026-09-18,0.781049716669036,1
2026-09-19,3.612899159486933,1
2026-09-20,0.9347004724234136,1
2026-09-21,0.5817457724265682,1
2026-09-22,-4.055995147530926,0
2026-09-23,-3.562098148781864,0
2026-09-24,-4.903137561496825,0
2026-09-25,-2.721508572901899,0
2026-09-26,-4.896552917868856,0
2026-09-27,-4.522827051144654,0
2026-09-28,-4.420315380631096,0
2026-09-29,-4.180245572619364,0
2026-09-30,-3.7188937761701895,0
2026-10-01,-3.458612380106408,0
2026-10-02,-4.923190973722085,0
2026-10-03,-2.585715688714692,0
2026-10-04,-4.824545906614008,0
2026-10-05,-2.5186565788612754,0
2026-10-06,-2.9590987170342253,0
2026-10-07,-2.7365892752903997,0
2026-10-08,-3.5061973703977616,0
2026-10-09,-3.856366071161018,0
2026-10-10,-3.225217403514649,0
2026-10-11,-5.34180753408512,0
2026-10-12,-4.866735769189713,0
2026-10-13,-3.7573922923392042,0
2026-10-14,-4.901850420177283,0
2026-10-15,-4.206624718619275,0
2026-10-16,-3.952133433573833,0
2026-10-17,-5.939559438065986,0
2026-10-18,-3.7301734405000664,0
2026-10-19,-2.876112036071003,0
2026-10-20,-4.204920426178894,0
2026-10-21,-2.026455777735967,0
2026-10-22,-2.9439850496631186,0
2026-10-23,-1.3036603000385685,0
2026-10-24,-2.5080377913294627,0
2026-10-25,-4.3819582952867675,0
2026-10-26,-3.489837840176615,0
2026-10-27,-2.886062213440802,0
2026-10-28,-2.4756911769198027,0
2026-10-29,-3.118357293877669,0
2026-10-30,-2.2060183528733437,0
2026-10-31,-1.5723443085809221,0
2026-11-01,-2.2442840919448366,0
2026-11-02,-3.284679505631191,0
2026-11-03,-2.32600854201482,0
2026-11-04,-3.83226126682104,0
2026-11-05,-1.2108058945087339,0
2026-11-06,-3.122374627455115,0
2026-11-07,-2.0759341502007134,0
2026-11-08,-4.4403312964243415,0
2026-11-09,-2.229106799894522,0
2026-11-10,-1.5820930540698246,0
2026-11-11,-2.772929979841166,0
2026-11-12,-1.3298587612223995,0
2026-11-13,-2.019194205653816,0
2026-11-14,-0.6343008309919724,0
2026-11-15,-1.494363349586306,0
2026-11-16,0.2608699816356166,0
2026-11-17,-3.7530156660352194,0
2026-11-18,-3.404042927910519,0
2026-11-19,-2.2172707733845525,0
2026-11-20,-1.7629299488914343,0
2026-11-21,2.215442643412356,1
2026-11-22,2.4028362244516086,1
2026-11-23,1.6492374937903045,1
2026-11-24,3.638562634582314,1
2026-11-25,3.5625813096471957,1
2026-11-26,3.398039913272571,1
2026-11-27,3.255827854719417,1
2026-11-28,4.938119039507667,1
2026-11-29,2.1376461090734358,1
2026-11-30,4.113334927356075,1
2026-12-01,4.51972890043929,1
2026-12-02,2.722790340791169,1
2026-12-03,2.6846556828079096,1
2026-12-04,4.026879739406117,1
2026-12-05,2.926801241907216,1
2026-12-06,3.425304959650078,1
2026-12-07,3.9586778082381024,1
2026-12-08,4.848754125203585,1
2026-12-09,3.612228643669188,1
2026-12-10,5.726851729877565,1
