,value
2023-01-01,-0.33254264242112463
2023-01-02,-0.17404026760106234
2023-01-03,0.31017605343152393
2023-01-04,-0.5823306743640485
2023-01-05,1.1861529563066937
2023-01-06,2.7375632344928675
2023-01-07,1.3700763665682159
2023-01-08,2.8215039241881223
2023-01-09,-0.6336344123812925
2023-01-10,2.698986456509642
2023-01-11,3.3375850383646744
2023-01-12,4.457908761482296
2023-01-13,3.112311420016122
2023-01-14,2.142179888627692
2023-01-15,2.8846744440941157
2023-01-16,2.776337123868154
2023-01-17,4.177060924099722
2023-01-18,4.3925513323850245
2023-01-19,4.341917281988131
2023-01-20,3.4037314894089383
2023-01-21,6.577130303019141
2023-01-22,5.454717105510186
2023-01-23,3.296906264954762
2023-01-24,5.214387773778048
2023-01-25,5.310275310760184
2023-01-26,3.7540202731766903
2023-01-27,6.029506448002503
2023-01-28,4.752091590504665
2023-01-29,5.211523592057558
2023-01-30,4.513709075599129
2023-01-31,3.3382471037994597
2023-02-01,3.088159788604176
2023-02-02,4.816643530060317
2023-02-03,3.9605050131203257
2023-02-04,4.969814956539394
2023-02-05,4.283829722715524
2023-02-06,4.471055750636725
2023-02-07,3.0068072586760266
2023-02-08,2.314047181583437
2023-02-09,2.256227678294842
2023-02-10,0.829863942480241
2023-02-11,2.5685097816570934
2023-02-12,2.1254351229772426
2023-02-13,2.3444841405282464
2023-02-14,1.2683992641239266
2023-02-15,1.435564856042076
2023-02-16,-1.072623982348726
2023-02-17,0.9692598483969803
2023-02-18,-0.8351829697264933
2023-02-19,-0.21405436620760587
2023-02-20,0.07777966010550497
2023-02-21,-1.6266618189215127
2023-02-22,-1.0680146707772078
2023-02-23,-0.6187323851149658
2023-02-24,-0.9767481827828566
2023-02-25,-4.288506269408006
2023-02-26,-2.7035979775932315
2023-02-27,-0.5805491604789219
2023-02-28,-1.6688776695868182
2023-03-01,-3.3113811600868006
2023-03-02,-2.5323186148705386
2023-03-03,-1.184618191083342
2023-03-04,-0.9629458270804903
2023-03-05,-1.9831230574940522
2023-03-06,-3.3721179227008227
2023-03-07,-5.309820525515584
2023-03-08,-2.828934812457546
2023-03-09,-1.4874685859992456
2023-03-10,-3.0490863379706803
2023-03-11,-1.7370947342318328
2023-03-12,-1.9683126842715373
2023-03-13,-2.0100503112529826
2023-03-14,-2.8144108897153677
2023-03-15,-1.8547786102756976
2023-03-16,-0.8459272941890301
2023-03-17,-1.143173455921428
2023-03-18,-1.627532177538465
2023-03-19,-0.35871033485964765
2023-03-20,0.24912352321945685
2023-03-21,-2.616591809388621
2023-03-22,-1.8998095795475392
2023-03-23,-2.390436886904876
2023-03-24,-2.06768960818781
2023-03-25,0.9052407504994784
2023-03-26,-0.7841995989344097
2023-03-27,-1.094606775592473
2023-03-28,1.977207847867545
2023-03-29,-0.08914128586595083
2023-03-30,1.047114545920242
2023-03-31,-0.9989358417516208
2023-04-01,1.0047840053447663
2023-04-02,2.424472362651678
2023-04-03,3.1194446846488706
2023-04-04,3.237738957420552
2023-04-05,1.7645422747813488
2023-04-06,1.2484909337629095
2023-04-07,2.06433967242095
2023-04-08,4.378944174646286
2023-04-09,2.535365241312954
2023-04-10,4.57686454942176
2023-04-11,2.3214771830053946
2023-04-12,5.303788638406978
2023-04-13,3.931273084629373
2023-04-14,6.136715581109996
2023-04-15,4.191876938803005
2023-04-16,6.294199465910156
2023-04-17,5.2008500017769705
2023-04-18,7.355614798380772
2023-04-19,3.6912028161284542
2023-04-20,4.348333493454335
2023-04-21,7.137931526611178
2023-04-22,6.41308222220049
2023-04-23,5.733631465270899
2023-04-24,5.827096614700853
2023-04-25,5.315357217458976
2023-04-26,4.289565346939757
2023-04-27,4.7060728596917425
2023-04-28,6.391810373853714
2023-04-29,5.5827255516930165
2023-04-30,5.698045285368773
2023-05-01,5.725450980766953
2023-05-02,5.082744447916157
2023-05-03,5.44687477702251
2023-05-04,3.809085354652822
2023-05-05,5.067315466172856
2023-05-06,3.0744665072371333
2023-05-07,3.825939029003429
2023-05-08,4.674684875430465
2023-05-09,3.5901313525463108
2023-05-10,3.760479086662293
2023-05-11,3.6818142915491965
2023-05-12,2.6561790424224454
2023-05-13,2.993504877402227
2023-05-14,3.7350293187603123
2023-05-15,2.7512359837287947
2023-05-16,2.2086700621829953
2023-05-17,2.3777053202429395
2023-05-18,1.5275841814926725
2023-05-19,2.689513399970311
2023-05-20,-0.22702023968722784
2023-05-21,0.9370871635999973
2023-05-22,1.0343000687659705
2023-05-23,1.4526570224703415
2023-05-24,-1.4175768250631684
2023-05-25,-0.35792634683286806
2023-05-26,-1.0745462168613416
2023-05-27,-1.3273931391995097
2023-05-28,-2.4286890450357856
2023-05-29,-1.4946290973492933
2023-05-30,-1.0219453947973456
2023-05-31,-0.1290459324768891
2023-06-01,-0.3452831825228986
2023-06-02,-0.8489667370929433
2023-06-03,-0.6844679187849568
2023-06-04,0.19866389239683313
2023-06-05,-2.5809816311734135
2023-06-06,-0.8806998016609107
2023-06-07,-0.5940717924181118
2023-06-08,-0.9425821377690353
2023-06-09,-0.3073366338031369
2023-06-10,-0.4085431450850421
2023-06-11,-1.0862734383420305
2023-06-12,-1.4823473541718417
2023-06-13,-1.206439376486476
2023-06-14,-1.3756163364655047
2023-06-15,-1.2479153659238253
2023-06-16,-0.1349589923700823
2023-06-17,-1.9933178341318114
2023-06-18,-1.1817007883056714
2023-06-19,-1.1781896418102944
2023-06-20,1.263931461928302
2023-06-21,2.3053534541974017
2023-06-22,0.22334070213284551
2023-06-23,-0.2734699343950715
2023-06-24,1.4766813974576865
2023-06-25,2.907080462100163
2023-06-26,1.8838975833934346
2023-06-27,3.210679122051447
2023-06-28,1.9776232209912716
2023-06-29,0.9562747536038747
2023-06-30,1.6404047858920017
2023-07-01,5.0065457771907536
2023-07-02,3.328961370189132
2023-07-03,1.7439351252130852
2023-07-04,3.8352580749383995
2023-07-05,5.437048423618367
2023-07-06,7.020519601763202
2023-07-07,4.674145869081739
2023-07-08,4.903920502286593
2023-07-09,3.867961468571155
2023-07-10,6.279173110723456
2023-07-11,4.292967695951546
2023-07-12,6.418916502225167
2023-07-13,6.459468950792475
2023-07-14,5.870602868859501
2023-07-15,6.598945294324601
2023-07-16,7.987855852066972
2023-07-17,7.742394736773543
2023-07-18,8.456781479172172
2023-07-19,6.958288581167104
2023-07-20,7.378986222732209
2023-07-21,6.974140527977549
2023-07-22,6.98315065007937
2023-07-23,6.883724893102449
2023-07-24,7.672672476760768
2023-07-25,5.8049581164876525
2023-07-26,8.426847994254176
2023-07-27,7.367340383199386
2023-07-28,8.127568533649443
2023-07-29,7.112647349370085
2023-07-30,6.239844369110318
2023-07-31,6.829871632040482
2023-08-01,6.415892483181779
2023-08-02,6.238984320275298
2023-08-03,6.8174552639734625
2023-08-04,6.3859560791697225
2023-08-05,6.679577075889841
2023-08-06,4.542874845700601
2023-08-07,5.548292970211798
2023-08-08,5.9191543862820595
2023-08-09,4.264480432195865
2023-08-10,3.6704551154538425
2023-08-11,4.296144258142403
2023-08-12,5.352721807963327
2023-08-13,2.5799654420362312
2023-08-14,3.552892854580098
2023-08-15,2.083843027686787
2023-08-16,0.5736844656066857
2023-08-17,3.8288026916516382
2023-08-18,3.9012948447073996
2023-08-19,3.0135760141296557
2023-08-20,2.4051644671782757
2023-08-21,2.8878742276094833
2023-08-22,1.8157591177577115
2023-08-23,2.1976004050322997
2023-08-24,-0.23518078685395283
2023-08-25,0.20867575345540068
2023-08-26,1.0328546926207318
2023-08-27,0.44064081457289633
2023-08-28,1.2272135205074537
2023-08-29,0.2621814398052762
2023-08-30,0.6438380026975958
2023-08-31,2.220905489729415
2023-09-01,-0.22222698091076187
2023-09-02,1.319111087585871
2023-09-03,-0.05988856711483059
2023-09-04,0.25726286400445364
2023-09-05,-0.5720296573220984
2023-09-06,1.0454961786648194
2023-09-07,-0.987366083829873
2023-09-08,0.18166999159482417
2023-09-09,-0.4811232272727667
2023-09-10,1.1577104169532701
2023-09-11,2.147459265607306
2023-09-12,0.7325634062216477
2023-09-13,1.1669353644329452
2023-09-14,-0.32544706529324663
2023-09-15,1.432514744238022
2023-09-16,0.5542629864619418
2023-09-17,1.954477939992184
2023-09-18,-0.3027253605572007
2023-09-19,3.373070423838824
2023-09-20,3.3182705594058417
2023-09-21,4.074107884837339
2023-09-22,2.715249363056513
2023-09-23,3.895241992813682
2023-09-24,2.7798274521955135
2023-09-25,1.8482180122610499
2023-09-26,3.2532270116764774
2023-09-27,2.2761713386071394
2023-09-28,5.675976837150673
2023-09-29,4.826024132845192
2023-09-30,6.713723903731047
2023-10-01,5.731422811288147
2023-10-02,6.486667838474108
2023-10-03,5.807537799387677
2023-10-04,6.671081909904969
2023-10-05,5.628792999409432
2023-10-06,5.697157663032148
2023-10-07,6.529628917389029
2023-10-08,9.028630691048257
2023-10-09,7.292036187099417
2023-10-10,8.15540996757957
2023-10-11,6.255559009150905
2023-10-12,10.035073822241506
2023-10-13,6.687304210651773
2023-10-14,8.75143933357907
2023-10-15,8.617371321996975
2023-10-16,9.092904214873196
2023-10-17,7.167913130610595
2023-10-18,7.756514436166396
2023-10-19,7.64765877589135
2023-10-20,7.56896163595056
2023-10-21,7.894294480063602
2023-10-22,8.040419794360549
2023-10-23,7.210508802908658
2023-10-24,9.577108732751247
2023-10-25,9.483218589818518
2023-10-26,6.1951322816900465
2023-10-27,7.9598874329103175
2023-10-28,6.720183260226486
2023-10-29,10.230188861870651
2023-10-30,10.471974700949302
2023-10-31,7.948156437172192
2023-11-01,7.235334822583957
2023-11-02,8.641058938108927
2023-11-03,7.099736365804607
2023-11-04,9.200721586254138
2023-11-05,9.302878272175647
2023-11-06,7.235091303973337
2023-11-07,5.139507124156429
2023-11-08,6.668103596835872
2023-11-09,7.413727792397447
2023-11-10,4.648299719353694
2023-11-11,6.9662546769012375
2023-11-12,4.784333911857819
2023-11-13,4.9904827571122405
2023-11-14,5.719828185338304
2023-11-15,5.316188644800907
2023-11-16,3.6574222186462575
2023-11-17,3.674069004080209
2023-11-18,2.0418546286426213
2023-11-19,3.950716841739597
2023-11-20,1.7310968612994222
2023-11-21,4.473964978368099
2023-11-22,2.959014348340361
2023-11-23,2.961418539764587
2023-11-24,2.135188711939376
2023-11-25,2.0489507393416586
2023-11-26,1.7657736371537172
2023-11-27,1.6238175822802676
2023-11-28,2.8370072534979753
2023-11-29,2.063423122465581
2023-11-30,-0.6632169974621607
2023-12-01,1.2286546020966738
2023-12-02,3.109573340134698
2023-12-03,1.0706160097830555
2023-12-04,-1.187677460443548
2023-12-05,1.6823851756951154
2023-12-06,1.096872226266682
2023-12-07,-0.43830830658493936
2023-12-08,1.8037872044584193
2023-12-09,1.0986790849295762
2023-12-10,1.151992510315929
2023-12-11,2.2756994388213703
2023-12-12,2.714188815804834
2023-12-13,2.2013244931419025
2023-12-14,2.7073063787042186
2023-12-15,1.3009164160418492
2023-12-16,2.8988255753290475
2023-12-17,3.3846751116430487
2023-12-18,3.042783966084266
2023-12-19,4.034301247625968
2023-12-20,4.125863508251818
2023-12-21,5.900621583399342
2023-12-22,2.83353454206598
2023-12-23,4.5382117112373
2023-12-24,4.061255192633652
2023-12-25,3.8164775831892968
2023-12-26,5.689803787206004
2023-12-27,5.035285065816015
2023-12-28,6.258849371258797
2023-12-29,6.464484546549157
2023-12-30,8.34162034023786
2023-12-31,6.996122514445645
2024-01-01,7.446301377054868
2024-01-02,7.7070092875415765
2024-01-03,7.803184263528278
2024-01-04,9.232992177642101
2024-01-05,8.972721375263252
2024-01-06,7.730798835035378
2024-01-07,9.021140646379319
2024-01-08,9.62624938306444
2024-01-09,9.341026389348462
2024-01-10,8.852007620376567
2024-01-11,10.350666432920079
2024-01-12,9.075252533982603
2024-01-13,9.634178523771576
2024-01-14,10.584401700869142
2024-01-15,10.905785508960621
2024-01-16,11.64053528754763
2024-01-17,11.381282901229078
2024-01-18,8.58637851026767
2024-01-19,8.567193000919616
2024-01-20,9.434303247822257
2024-01-21,11.982712400939047
2024-01-22,10.203113753079691
2024-01-23,9.489630695501466
2024-01-24,9.517873875481795
2024-01-25,9.688209574704151
2024-01-26,9.863278126940346
2024-01-27,10.619662534408867
2024-01-28,8.07719438896103
2024-01-29,8.017664400278633
2024-01-30,9.66540850772968
2024-01-31,7.286802676479528
2024-02-01,8.549766914792583
2024-02-02,9.717078742040158
2024-02-03,8.021236408861942
2024-02-04,9.1247567370918
2024-02-05,8.962925659485002
2024-02-06,7.750831445754351
2024-02-07,6.313610052980857
2024-02-08,7.304659900319594
2024-02-09,7.044416439507724
2024-02-10,8.24916608221502
2024-02-11,7.374283245153079
2024-02-12,7.554274686858685
2024-02-13,5.281859193092898
2024-02-14,5.282214791011841
2024-02-15,4.904867365436653
2024-02-16,4.127315305746207
2024-02-17,6.63176843234621
2024-02-18,4.455081125096167
2024-02-19,5.217468225055669
2024-02-20,4.659875925139429
2024-02-21,5.807302639688366
2024-02-22,3.9006381666317247
2024-02-23,4.375490999461913
2024-02-24,3.020013792382249
2024-02-25,4.473351855107667
2024-02-26,3.3716851366441434
2024-02-27,3.2036630633664003
2024-02-28,2.4415384144011205
2024-02-29,3.862131323741531
2024-03-01,3.0737809122307262
2024-03-02,3.1531345523908367
2024-03-03,3.9223026160273182
2024-03-04,2.5792870411066406
2024-03-05,2.483788565651141
2024-03-06,4.232096430371045
2024-03-07,0.44093763345153336
2024-03-08,3.964906172735854
2024-03-09,2.4802198479386988
2024-03-10,4.174215227043074
2024-03-11,5.336384045911065
2024-03-12,3.919750486199511
2024-03-13,4.402449482533028
2024-03-14,3.171379042200944
2024-03-15,3.9418529914631835
2024-03-16,3.080413354819835
2024-03-17,3.599725405588045
2024-03-18,4.836672450336222
2024-03-19,3.632822134913882
2024-03-20,4.75620706733554
2024-03-21,7.440938205795129
2024-03-22,5.774101380887595
2024-03-23,5.493690458551725
2024-03-24,6.4207330713744835
2024-03-25,7.725463704571423
2024-03-26,7.4094042785717
2024-03-27,7.456705668331528
2024-03-28,7.732145896757233
2024-03-29,7.267490096616734
2024-03-30,9.128436438846585
2024-03-31,7.939870985914556
2024-04-01,8.466335659999
2024-04-02,10.47987008228005
2024-04-03,8.688582956349244
2024-04-04,8.726181601352875
2024-04-05,12.298284861892867
2024-04-06,10.317089270820942
2024-04-07,9.176260638027946
2024-04-08,9.71701827069896
2024-04-09,9.424737475554036
2024-04-10,12.475751350198475
2024-04-11,11.191919828709196
2024-04-12,12.788499917838049
2024-04-13,11.068571296361059
2024-04-14,11.57679786556183
2024-04-15,13.69956447691778
2024-04-16,11.44329028531866
2024-04-17,11.19704958753085
2024-04-18,10.490837616124074
2024-04-19,11.04529827465394
2024-04-20,13.699909413682496
2024-04-21,12.645020598256616
2024-04-22,12.764622900869062
2024-04-23,11.321844520882767
2024-04-24,11.655132396782067
2024-04-25,10.51736507979038
2024-04-26,11.37182875764309
2024-04-27,12.237601305803404
2024-04-28,9.244396571820198
2024-04-29,9.675267680866739
2024-04-30,9.9468579679143
2024-05-01,8.842670623278085
2024-05-02,8.755800147178524
2024-05-03,11.558198658250438
2024-05-04,9.277583646420435
2024-05-05,9.304331600848345
2024-05-06,9.455525004073252
2024-05-07,9.800181432985829
2024-05-08,8.771671386096806
2024-05-09,8.192785458683888
2024-05-10,8.017642950091954
2024-05-11,8.755268881828904
2024-05-12,10.360092297536589
2024-05-13,9.342500416215334
2024-05-14,7.354834876615688
2024-05-15,6.917573253764473
2024-05-16,6.317624862509674
2024-05-17,7.516202711166699
2024-05-18,5.4695067460041855
2024-05-19,6.040677077841293
2024-05-20,5.3636306726192755
2024-05-21,6.470642372143609
2024-05-22,5.3969327869870725
2024-05-23,5.514621704116456
2024-05-24,4.2019079307260645
2024-05-25,6.578789429908675
2024-05-26,6.7108644934208135
2024-05-27,4.0673132069668405
2024-05-28,4.656560961431757
2024-05-29,3.717213971971061
2024-05-30,3.161349154411126
2024-05-31,3.9319497234259284
2024-06-01,7.3678822598612985
2024-06-02,4.718642237377019
2024-06-03,4.402697613027233
2024-06-04,4.700054567889434
2024-06-05,4.0680409472571615
2024-06-06,5.781387200725273
2024-06-07,3.57983212185538
2024-06-08,4.835217034836504
2024-06-09,4.723524645380254
2024-06-10,5.519181610190762
2024-06-11,5.161762523088543
2024-06-12,6.767002107196488
2024-06-13,6.743444976707904
2024-06-14,6.125653601675002
2024-06-15,5.437350966112776
2024-06-16,7.165160020262903
2024-06-17,6.826045729233367
2024-06-18,8.031984374485965
2024-06-19,6.276676763899029
2024-06-20,7.36442725483711
2024-06-21,7.400454156484155
2024-06-22,8.530476552961078
2024-06-23,9.838162009282067
2024-06-24,7.813138251873097
2024-06-25,10.371558294944023
2024-06-26,9.378393245589319
2024-06-27,8.268361115266766
2024-06-28,10.73864073128716
2024-06-29,10.174775786211812
2024-06-30,9.667194353001399
2024-07-01,10.97604795032488
2024-07-02,11.070079831431286
2024-07-03,9.95915203254214
2024-07-04,12.276507668035999
2024-07-05,11.775330528824519
2024-07-06,12.268248061158506
2024-07-07,12.200266485781267
2024-07-08,11.811966033595478
2024-07-09,12.220702826285185
2024-07-10,13.812571217165779
2024-07-11,13.635659356559701
2024-07-12,13.37195978831597
2024-07-13,12.463223808940192
2024-07-14,13.221685324422099
2024-07-15,13.566953936966614
2024-07-16,12.29627767321983
2024-07-17,14.54397667218182
2024-07-18,13.822337445930795
2024-07-19,14.573380846320351
2024-07-20,14.728945736699119
2024-07-21,12.72228052367644
2024-07-22,12.756309767140447
2024-07-23,11.934168365356424
2024-07-24,12.728244772306372
2024-07-25,12.84016678498249
2024-07-26,12.400565376486513
2024-07-27,11.708983420414583
2024-07-28,12.480092955693813
2024-07-29,11.031731473141793
2024-07-30,13.84233512104816
2024-07-31,10.67524140832461
2024-08-01,11.322675864833727
2024-08-02,12.476703050321637
2024-08-03,10.513290517590859
2024-08-04,10.577503479201756
2024-08-05,9.667377156788802
2024-08-06,8.987409117422343
2024-08-07,10.189629939828114
2024-08-08,9.991269174167593
2024-08-09,9.26534802086749
2024-08-10,8.689116002705733
2024-08-11,8.322942846411976
2024-08-12,8.291318992864328
2024-08-13,9.409736619215154
2024-08-14,7.753710685643001
2024-08-15,7.059551386926883
2024-08-16,9.50957356984542
2024-08-17,9.210844290400178
2024-08-18,6.901607090853963
2024-08-19,8.09166200641136
2024-08-20,8.151857158117048
2024-08-21,7.683229346792945
2024-08-22,7.66497421783265
2024-08-23,7.528102496720674
2024-08-24,6.424019717775708
2024-08-25,6.080511094729253
2024-08-26,3.625379704954846
2024-08-27,7.833808225698732
2024-08-28,4.238529093010899
2024-08-29,7.083327508383075
2024-08-30,6.0605388272357805
2024-08-31,5.093043887230561
2024-09-01,6.262810591668343
2024-09-02,6.143609804013747
2024-09-03,6.603419580717209
2024-09-04,5.404186325953689
2024-09-05,6.395271209085845
2024-09-06,6.7963054871242035
2024-09-07,6.1959331324892375
2024-09-08,7.535617396404708
2024-09-09,8.14301395882908
2024-09-10,6.099380534351113
2024-09-11,8.083798286322903
2024-09-12,8.659723677789149
2024-09-13,9.218195646019575
2024-09-14,7.880642712895775
2024-09-15,8.461752859469795
2024-09-16,10.32298613498256
2024-09-17,7.6622596484438175
2024-09-18,9.419160041523437
2024-09-19,10.066304744946883
2024-09-20,9.552321039769787
2024-09-21,9.784197513001864
2024-09-22,11.042211191235342
2024-09-23,11.706590039934577
2024-09-24,11.672504374793938
2024-09-25,11.547591756002697
2024-09-26,11.70623073278367
2024-09-27,11.729934496094513
2024-09-28,11.532871172390026
2024-09-29,12.504668701354703
2024-09-30,12.624952697760394
2024-10-01,14.109703125336871
2024-10-02,13.847430451561864
2024-10-03,13.080242890017043
2024-10-04,13.339121523454345
2024-10-05,13.233337460240074
2024-10-06,13.321224579275025
2024-10-07,15.751939550971988
2024-10-08,15.05427013472591
2024-10-09,14.502536845708946
2024-10-10,14.690847704365735
2024-10-11,15.878110595401438
2024-10-12,14.46086375390448
2024-10-13,14.216034397562916
2024-10-14,14.200335613014145
2024-10-15,14.361172940876232
2024-10-16,15.687269012425471
2024-10-17,14.760595135141658
2024-10-18,14.470065169129496
2024-10-19,14.465099169190008
2024-10-20,11.910982900578034
2024-10-21,13.67551286121312
2024-10-22,14.705273019739627
2024-10-23,12.965602465657902
2024-10-24,14.789759129137707
2024-10-25,14.664641215175736
2024-10-26,14.196920475821036
2024-10-27,14.657960216415766
2024-10-28,14.595773554004957
2024-10-29,14.778442407083672
2024-10-30,12.351474261921714
2024-10-31,12.602689974868177
2024-11-01,13.80450056532819
2024-11-02,12.928456351789436
2024-11-03,12.767174161602766
2024-11-04,12.799374519776334
2024-11-05,12.7289910920734
2024-11-06,12.257912496645973
2024-11-07,11.37028172536506
2024-11-08,10.33676313280682
2024-11-09,11.181521538572353
2024-11-10,9.052346641426462
2024-11-11,9.814296283278447
2024-11-12,8.742654737594828
2024-11-13,9.766473681957088
2024-11-14,11.040444787377812
2024-11-15,10.443883354164218
2024-11-16,10.905839197323509
2024-11-17,8.3287411297387
2024-11-18,9.104463383594629
2024-11-19,7.827698689359813
2024-11-20,9.597500864216585
2024-11-21,7.191470329839529
2024-11-22,9.494856944371303
2024-11-23,9.161573123886736
2024-11-24,6.005625875022371
2024-11-25,8.263599158355213
2024-11-26,7.523953441170468
2024-11-27,7.876545741550211
2024-11-28,6.8654232008775775
2024-11-29,8.048408152022176
2024-11-30,8.220335499139852
2024-12-01,6.311768296025536
2024-12-02,7.436030753037216
2024-12-03,8.251508362256658
2024-12-04,8.368067564747866
2024-12-05,8.47207025523021
2024-12-06,8.518612044657711
2024-12-07,9.426735272207388
2024-12-08,7.9382566763250955
2024-12-09,7.055281582606442
2024-12-10,8.388137542073048
2024-12-11,9.847282227871125
2024-12-12,8.644727992530012
2024-12-13,9.73027518483688
2024-12-14,8.484317215597914
2024-12-15,9.978028608862243
2024-12-16,10.497815860229709
2024-12-17,9.279262507316982
2024-12-18,11.822106214550994
2024-12-19,10.146770042793115
2024-12-20,12.28084199098598
2024-12-21,13.548637654822958
2024-12-22,12.98606093168681
2024-12-23,11.688971442597579
2024-12-24,12.034212433398816
2024-12-25,13.293709567750604
2024-12-26,14.022772699073645
2024-12-27,13.328584124152124
2024-12-28,13.528716575836679
2024-12-29,13.839034936057718
2024-12-30,15.03369232992121
2024-12-31,15.35316426355185
2025-01-01,16.098099878629572
2025-01-02,15.969446959865014
2025-01-03,14.615766019161036
2025-01-04,14.511902256078935
2025-01-05,15.123302894732955
2025-01-06,15.151705136318053
2025-01-07,14.82033880151213
2025-01-08,14.510712868470055
2025-01-09,14.328909520338955
2025-01-10,14.818916635855988
2025-01-11,15.704009406106602
2025-01-12,15.91128110806464
2025-01-13,15.66525389823008
2025-01-14,15.133642368454657
2025-01-15,15.79635223182681
2025-01-16,17.204371990473774
2025-01-17,18.343710270248778
2025-01-18,17.013369570871227
2025-01-19,16.50105281619566
2025-01-20,16.46119431857724
2025-01-21,14.25219683570365
2025-01-22,13.592852568224691
2025-01-23,15.825570250693168
2025-01-24,15.142754923058895
2025-01-25,16.091008624743367
2025-01-26,15.831479182491153
2025-01-27,15.419404998919717
2025-01-28,16.01686656881763
2025-01-29,14.681712762582627
2025-01-30,13.422154150340253
2025-01-31,14.326545568869866
2025-02-01,13.704860113886076
2025-02-02,11.961384245403352
2025-02-03,13.493499295884316
2025-02-04,11.607300079539183
2025-02-05,13.044145761497662
2025-02-06,12.608866454207048
2025-02-07,12.597870836733255
2025-02-08,10.506857038178426
2025-02-09,11.137932009411097
2025-02-10,12.336211449847404
2025-02-11,10.577596588103011
2025-02-12,11.058455258116068
2025-02-13,10.719982120678866
2025-02-14,9.112751572611272
2025-02-15,10.08336557730661
2025-02-16,10.835273923091389
2025-02-17,11.014481544434691
2025-02-18,10.60788603642439
2025-02-19,9.011880633240478
2025-02-20,9.917780335402504
2025-02-21,11.097362638052534
2025-02-22,9.87838032693653
2025-02-23,9.99798083944697
2025-02-24,10.207560233660976
2025-02-25,9.63071723219514
2025-02-26,10.58519666502862
2025-02-27,9.06484176293752
2025-02-28,8.722451082189608
2025-03-01,8.519252402346746
2025-03-02,9.308665716932657
2025-03-03,8.311277841110664
2025-03-04,9.558368702369853
2025-03-05,10.403285356650096
2025-03-06,9.73910236770924
2025-03-07,11.342983759779404
2025-03-08,9.941183040653755
2025-03-09,10.55398903570616
2025-03-10,9.760498018227574
2025-03-11,9.69543294271249
2025-03-12,9.029002331299491
2025-03-13,10.44754882737957
2025-03-14,10.067164815273294
2025-03-15,11.928305590910897
2025-03-16,11.88798694414513
2025-03-17,12.531347240990794
2025-03-18,13.647891184534707
2025-03-19,12.986403641098867
2025-03-20,13.786958798125083
2025-03-21,13.745982318623227
2025-03-22,14.30631492960634
2025-03-23,12.939248343434322
2025-03-24,14.51622964739116
2025-03-25,14.349935156311684
2025-03-26,13.464069094663966
2025-03-27,15.272995380674669
2025-03-28,15.210102501430281
2025-03-29,14.670408242518771
2025-03-30,17.09961661409362
2025-03-31,16.63530460927797
2025-04-01,15.411201987881547
2025-04-02,18.035913979856918
2025-04-03,16.213022109750963
2025-04-04,16.404776185372246
2025-04-05,15.555751831557478
2025-04-06,17.253295881938563
2025-04-07,19.055717038067893
2025-04-08,15.719391769960238
2025-04-09,18.71296079244394
2025-04-10,17.399637637780607
2025-04-11,18.196578314633417
2025-04-12,17.879151064072726
2025-04-13,18.097889919642192
2025-04-14,20.283759956837915
2025-04-15,17.21101195061024
2025-04-16,16.778721488834915
2025-04-17,18.99997553036361
2025-04-18,18.86989212841613
2025-04-19,17.32116428644388
2025-04-20,17.740046308440697
2025-04-21,19.69452579677201
2025-04-22,17.98239383570826
2025-04-23,16.41099567443403
2025-04-24,17.832119199248524
2025-04-25,15.560355224276028
2025-04-26,16.171949462326136
2025-04-27,16.099311880483985
2025-04-28,16.396577339121045
2025-04-29,17.060629302472933
2025-04-30,14.341459607735706
2025-05-01,15.996978355306801
2025-05-02,14.105920667997307
2025-05-03,14.350436790511852
2025-05-04,14.227154509260622
2025-05-05,13.984310302267522
2025-05-06,16.437465753443483
2025-05-07,13.817732739391897
2025-05-08,14.072158160759598
2025-05-09,13.573853136136513
2025-05-10,12.57521111343206
2025-05-11,12.303803255397604
2025-05-12,13.559313323722618
2025-05-13,11.436587630759682
2025-05-14,11.249406184562565
2025-05-15,12.6375638566867
2025-05-16,12.361588803333863
2025-05-17,9.641576294568857
2025-05-18,10.452554475727995
2025-05-19,10.535253568336469
2025-05-20,10.642237210334764
2025-05-21,11.90684866476078
2025-05-22,12.132909720048781
2025-05-23,9.133628143853588
2025-05-24,10.474713793171238
2025-05-25,10.31457786206862
2025-05-26,11.685192401135588
2025-05-27,12.519921020327164
2025-05-28,10.084814954557718
2025-05-29,10.285680325375612
2025-05-30,11.412535041511646
2025-05-31,11.439147337818216
2025-06-01,11.264838995096094
2025-06-02,10.256254148831651
2025-06-03,12.150006260670883
2025-06-04,11.268442722410327
2025-06-05,10.478116089479597
2025-06-06,14.571874466250083
2025-06-07,11.229184475316487
2025-06-08,12.414950892091385
2025-06-09,12.187835317550418
2025-06-10,12.546540913806716
2025-06-11,11.965271931677998
2025-06-12,11.850211176644628
2025-06-13,12.184330082323891
2025-06-14,15.026631367536037
2025-06-15,13.149716248429064
2025-06-16,12.597436302057883
2025-06-17,16.189780830328615
2025-06-18,13.587452633850802
2025-06-19,15.402007652179277
2025-06-20,15.829157249016175
2025-06-21,15.785061488186452
2025-06-22,15.853625333325308
2025-06-23,15.282436161917099
2025-06-24,18.141203687221527
2025-06-25,15.422020958379552
2025-06-26,17.212269145034227
2025-06-27,19.2551171361798
2025-06-28,16.173070438532058
2025-06-29,17.60870538191065
2025-06-30,17.84959562131049
2025-07-01,17.12107194567426
2025-07-02,17.929040815219523
2025-07-03,19.352161291793426
2025-07-04,19.386732520251694
2025-07-05,19.9422822597255
2025-07-06,19.460769107124374
2025-07-07,20.18906349553881
2025-07-08,20.23545627578202
2025-07-09,19.563885239369263
2025-07-10,17.84578228958957
2025-07-11,21.103812978688218
2025-07-12,19.244399496642153
2025-07-13,19.283454342124212
2025-07-14,19.428601709671806
2025-07-15,18.75189490469404
2025-07-16,19.007796053128327
2025-07-17,18.065984745067063
2025-07-18,18.474907714899466
2025-07-19,17.972673411374256
2025-07-20,18.16347130132209
2025-07-21,19.084965235586388
2025-07-22,18.06877939091962
2025-07-23,17.842927498045487
2025-07-24,17.198222205117677
2025-07-25,17.878267094649075
2025-07-26,16.29881008909153
2025-07-27,16.365398998966945
2025-07-28,16.606617957623282
2025-07-29,18.765941973829403
2025-07-30,17.479055371645103
2025-07-31,17.50049548720053
2025-08-01,15.9928777077803
2025-08-02,18.02033619327252
2025-08-03,16.22789943467754
2025-08-04,15.99908495160426
2025-08-05,15.244891324781124
2025-08-06,13.552629674334069
2025-08-07,14.808551207814059
2025-08-08,12.328299109516992
2025-08-09,14.602381371246933
2025-08-10,14.966626664943266
2025-08-11,13.6763168783154
2025-08-12,14.192413264729868
2025-08-13,12.058882135804966
2025-08-14,11.926782675154836
2025-08-15,11.874957480579425
2025-08-16,13.136324108940526
2025-08-17,12.712782494345618
2025-08-18,12.295218653485982
2025-08-19,14.192157444296456
2025-08-20,11.911872154211702
2025-08-21,10.948404148081057
2025-08-22,11.03738248510257
2025-08-23,11.434949739782777
2025-08-24,13.031550750653384
2025-08-25,10.476210305710373
2025-08-26,12.856089315986905
2025-08-27,11.716667701890751
2025-08-28,13.158164138593621
2025-08-29,12.087555710817464
2025-08-30,11.541365166109424
2025-08-31,11.982837056820715
2025-09-01,13.082922114726061
2025-09-02,12.139234936158683
2025-09-03,13.086151524289495
2025-09-04,12.600180660544904
2025-09-05,13.25759434474979
2025-09-06,14.610532782647596
2025-09-07,11.706715060908264
2025-09-08,14.906454688429687
2025-09-09,14.310202863011815
2025-09-10,14.241373383314544
2025-09-11,14.557508176233368
2025-09-12,13.72133838580943
2025-09-13,14.337910465719522
2025-09-14,14.86131288029315
2025-09-15,13.74131250451611
2025-09-16,16.61114857064338
2025-09-17,16.513842566782202
2025-09-18,17.090973666350845
2025-09-19,16.853471371429205
2025-09-20,15.802176936955354
2025-09-21,17.791383300399822
2025-09-22,18.24217228626193
2025-09-23,17.685306234254817
2025-09-24,18.68854836965086
2025-09-25,17.639011610026444
2025-09-26,18.061992416359672
2025-09-27,20.777701887445964
2025-09-28,20.09428550733412
2025-09-29,19.327868705465878
2025-09-30,20.258768187615516
2025-10-01,19.214938615307364
2025-10-02,17.609325854279664
2025-10-03,18.970600424436242
2025-10-04,20.513376013608383
2025-10-05,21.028842064288487
2025-10-06,20.47376993674428
2025-10-07,20.324107804089465
2025-10-08,21.223090462326333
2025-10-09,20.08544856067466
2025-10-10,20.98344488249009
2025-10-11,20.517493073439578
2025-10-12,19.267502028662673
2025-10-13,19.872412262635166
2025-10-14,20.6872051953367
2025-10-15,20.465231781209397
2025-10-16,21.060267344585913
2025-10-17,22.61871651897207
2025-10-18,21.9103704858808
2025-10-19,21.789204641555553
2025-10-20,19.788471265503645
2025-10-21,19.930129476349137
2025-10-22,20.595668420187035
2025-10-23,19.88879377184791
2025-10-24,18.372377257545015
2025-10-25,19.03310546621717
2025-10-26,18.93362749838414
2025-10-27,18.518343686370113
2025-10-28,18.71194011878066
2025-10-29,18.989634395026382
2025-10-30,19.06930301522227
2025-10-31,17.429344332321737
2025-11-01,16.784470390841893
2025-11-02,17.598645691847103
2025-11-03,17.634981713881416
2025-11-04,16.054902941686343
2025-11-05,13.853609512884132
2025-11-06,16.170309384992052
2025-11-07,18.21787594585762
2025-11-08,14.71507999927301
2025-11-09,14.846775116481073
2025-11-10,15.214312683968682
2025-11-11,13.841580970465257
2025-11-12,15.13213291173041
2025-11-13,14.931030361361461
2025-11-14,13.7436477195005
2025-11-15,12.3872984628455
2025-11-16,14.487326319870967
2025-11-17,13.412161294856762
2025-11-18,15.342873152280648
2025-11-19,14.158820238904493
2025-11-20,15.970870225983276
2025-11-21,11.821632177917287
2025-11-22,14.12177668220314
2025-11-23,12.413428993730856
2025-11-24,14.152961451617758
2025-11-25,14.689632060068996
2025-11-26,14.540379585594112
2025-11-27,13.72056261321878
2025-11-28,12.94226372422176
2025-11-29,14.801755988584208
2025-11-30,12.678433172986733
2025-12-01,12.742110317110335
2025-12-02,15.679336983946559
2025-12-03,14.250023435640026
2025-12-04,15.134551534480174
2025-12-05,15.56765094997923
2025-12-06,15.065521326472053
2025-12-07,16.983753193534678
2025-12-08,15.800312465015454
2025-12-09,16.217866510166534
2025-12-10,16.278639139228993
2025-12-11,16.601358951376483
2025-12-12,16.41723977998037
2025-12-13,16.94864767505426
2025-12-14,19.09310378294775
2025-12-15,16.267526840476915
2025-12-16,18.603493010061957
2025-12-17,18.843695729510333
2025-12-18,19.43052327535178
2025-12-19,17.613157959100686
2025-12-20,20.131684258214467
2025-12-21,19.863173321540838
2025-12-22,19.339873703833117
2025-12-23,20.156279657111774
2025-12-24,19.794155212520074
2025-12-25,20.18440965689349
2025-12-26,22.64228926374009
2025-12-27,21.441728680737334
2025-12-28,22.221828240551858
2025-12-29,20.227448921124513
2025-12-30,21.557048988079167
2025-12-31,23.818002077604866
2026-01-01,20.960356169461004
2026-01-02,22.970288282896604
2026-01-03,23.25305041285506
2026-01-04,23.091659207890824
2026-01-05,22.74240350363843
2026-01-06,21.314646502166855
2026-01-07,22.445984538259577
2026-01-08,21.659907876883516
2026-01-09,21.907172659626102
2026-01-10,24.567827215939655
2026-01-11,21.447956981266536
2026-01-12,22.66755776065043
2026-01-13,21.755044962430567
2026-01-14,21.478551008569042
2026-01-15,22.590083407047178
2026-01-16,19.377443626227816
2026-01-17,22.980007849838493
2026-01-18,20.71703987832268
2026-01-19,19.65056800073745
2026-01-20,19.864953265925152
2026-01-21,22.499947391645094
2026-01-22,19.827850525710044
2026-01-23,18.192471844799417
2026-01-24,20.39740216662634
2026-01-25,19.247946532391897
2026-01-26,20.21649405154742
2026-01-27,17.838176725474064
2026-01-28,19.59243821491523
2026-01-29,18.988730093104262
2026-01-30,18.138769633656914
2026-01-31,19.45050729129949
2026-02-01,18.73063497650187
2026-02-02,18.9269498292908
2026-02-03,20.014821327982563
2026-02-04,15.58556354665436
2026-02-05,18.130602508982577
2026-02-06,15.750490834143777
2026-02-07,16.063797850372147
2026-02-08,16.60863533180624
2026-02-09,16.3254949745298
2026-02-10,16.387379163131598
2026-02-11,15.905190472183222
2026-02-12,16.00686021880122
2026-02-13,16.12669268561155
2026-02-14,16.055887511444702
2026-02-15,14.691487024568605
2026-02-16,13.2790746905441
2026-02-17,14.108762178250847
2026-02-18,15.584142855341257
2026-02-19,15.505924857852808
2026-02-20,13.193513683171117
2026-02-21,16.00707993203391
2026-02-22,14.06728160998835
2026-02-23,16.8807853764595
2026-02-24,15.972455205708588
2026-02-25,16.08903930734679
2026-02-26,13.91020109160286
2026-02-27,14.833871125202718
2026-02-28,15.31385172897412
2026-03-01,17.286489843890617
2026-03-02,15.042523139783958
2026-03-03,14.817060165058155
2026-03-04,16.830095391158952
2026-03-05,14.599596809352585
2026-03-06,18.369244261040798
2026-03-07,16.077351005364793
2026-03-08,17.77472224333194
2026-03-09,16.409233880939386
2026-03-10,19.327939393985332
2026-03-11,17.138486002169255
2026-03-12,17.522293917901784
2026-03-13,19.65761577104633
2026-03-14,19.182076808891775
2026-03-15,19.181683923153848
2026-03-16,19.74168361562722
2026-03-17,19.123421484895275
2026-03-18,19.955502544013864
2026-03-19,20.77070711559867
2026-03-20,22.184718633814988
2026-03-21,21.388233366530816
2026-03-22,19.828517819838765
2026-03-23,20.136018756122237
2026-03-24,20.523838569351707
2026-03-25,21.221907197235424
2026-03-26,21.61407635944633
2026-03-27,22.171033523119796
2026-03-28,23.74346434257562
2026-03-29,22.353647406174414
2026-03-30,23.117145243763833
2026-03-31,22.284023955641896
2026-04-01,22.65048164293834
2026-04-02,23.674424016833665
2026-04-03,22.86671498508592
2026-04-04,24.373107499171866
2026-04-05,23.794696130574287
2026-04-06,23.255661302408658
2026-04-07,25.470376558266718
2026-04-08,21.87109765133217
2026-04-09,23.19173939193004
2026-04-10,23.17676348820429
2026-04-11,23.589818659487023
2026-04-12,23.277459282312257
2026-04-13,24.33382066392429
2026-04-14,22.33421327163111
2026-04-15,23.01808295370548
2026-04-16,21.40886049477356
2026-04-17,22.66636694276119
2026-04-18,24.468165336678062
2026-04-19,22.142886798276976
2026-04-20,21.21827617811632
2026-04-21,20.813689395265882
2026-04-22,22.591078252342633
2026-04-23,22.83224732767434
2026-04-24,22.969920027344596
2026-04-25,21.59770598310758
2026-04-26,22.701076016999817
2026-04-27,20.83904383222297
2026-04-28,21.001477277395438
2026-04-29,20.47396006702036
2026-04-30,20.124123517112473
2026-05-01,20.758189214798396
2026-05-02,19.76440819395908
2026-05-03,18.426616484227193
2026-05-04,18.38205752274284
2026-05-05,20.214427277515245
2026-05-06,18.08526692939053
2026-05-07,19.83505990995689
2026-05-08,17.355781925459958
2026-05-09,17.81744272111255
2026-05-10,17.31429662176443
2026-05-11,15.262314988734044
2026-05-12,19.81524183954931
2026-05-13,16.306770547401737
2026-05-14,16.307270087615766
2026-05-15,18.08366394278294
2026-05-16,18.14264597180781
2026-05-17,16.213727854037604
2026-05-18,16.325199815947837
2026-05-19,16.43872334933994
2026-05-20,15.332496439895854
2026-05-21,16.378273028917285
2026-05-22,16.486941719984202
2026-05-23,15.641670621813983
2026-05-24,16.74514700615409
2026-05-25,17.445622146700106
2026-05-26,16.786788547473563
2026-05-27,17.31312050171282
2026-05-28,15.625076504080702
2026-05-29,17.784119157290277
2026-05-30,16.429140897309864
2026-05-31,16.81335441015178
2026-06-01,15.751627491614851
2026-06-02,18.761657327516136
2026-06-03,16.526935117844545
2026-06-04,19.36788858877778
2026-06-05,18.037171680298073
2026-06-06,19.267938631032884
2026-06-07,17.862083962952376
2026-06-08,20.948443151928863
2026-06-09,18.068699610839126
2026-06-10,20.112456658701827
2026-06-11,21.037080227499093
2026-06-12,21.34089271310031
2026-06-13,19.936759759613423
2026-06-14,20.694039625770664
2026-06-15,22.15331447517045
2026-06-16,22.019826359992393
2026-06-17,22.16509516123023
2026-06-18,22.89747962684326
2026-06-19,21.793257760140833
2026-06-20,23.052568056044112
2026-06-21,22.704077073820066
2026-06-22,22.494211542465145
2026-06-23,24.338317868229414
2026-06-24,22.24595922068953
2026-06-25,23.71815311574906
2026-06-26,23.17393711460861
2026-06-27,23.86968862541452
2026-06-28,23.826853730402323
2026-06-29,25.382088091046228
2026-06-30,24.06289232804973
2026-07-01,24.510728765968803
2026-07-02,25.090778567143232
2026-07-03,24.938118103919237
2026-07-04,25.310182602082747
2026-07-05,25.52645942682556
2026-07-06,25.387056780880293
2026-07-07,26.181416517265973
2026-07-08,25.198344382294767
2026-07-09,25.05852895158063
2026-07-10,26.129964054426242
2026-07-11,25.31622235325605
2026-07-12,23.295166965001737
2026-07-13,23.931990990081093
2026-07-14,24.311788316409437
2026-07-15,24.244746214807424
2026-07-16,25.554757037360588
2026-07-17,23.76430759655878
2026-07-18,24.738365661630635
2026-07-19,23.881301291120035
2026-07-20,21.96168784516688
2026-07-21,26.17802084597373
2026-07-22,23.96842383986576
2026-07-23,22.523876827399043
2026-07-24,21.621750442599982
2026-07-25,21.900573561905
2026-07-26,22.20832962230241
2026-07-27,22.228385973693957
2026-07-28,21.236725806386843
2026-07-29,22.145686020399697
2026-07-30,21.267255217963044
2026-07-31,19.328078658918315
2026-08-01,22.280507466579248
2026-08-02,21.203528224965776
2026-08-03,19.24238686591244
2026-08-04,18.94163644270243
2026-08-05,19.446113947462205
2026-08-06,20.820235228873045
2026-08-07,19.16442074427221
2026-08-08,19.533678008415052
2026-08-09,19.754509333225858
2026-08-10,17.58093342095786
2026-08-11,17.921197491700617
2026-08-12,19.316268313323032
2026-08-13,20.183219987414176
2026-08-14,17.6335112281417
2026-08-15,18.461599740289284
2026-08-16,17.85429269335051
2026-08-17,17.668605648684327
2026-08-18,19.202960040433723
2026-08-19,18.01485220600465
2026-08-20,18.486144732253376
2026-08-21,19.479879459464417
2026-08-22,19.76365510998931
2026-08-23,19.79875263119773
2026-08-24,18.348229221053835
2026-08-25,16.897020297677102
2026-08-26,20.192453306603838
2026-08-27,18.900050300270735
2026-08-28,18.194417581982837
2026-08-29,17.201775479613417
2026-08-30,20.430934777222046
2026-08-31,20.738101128294932
2026-09-01,21.35438871661605
2026-09-02,20.159719687555473
2026-09-03,17.802659294377158
2026-09-04,20.4639930252129
2026-09-05,20.528201404203884
2026-09-06,21.601023915232272
2026-09-07,22.52701197351115
2026-09-08,20.117624027473482
2026-09-09,22.04541511454804
2026-09-10,21.601192903400843
2026-09-11,24.384478035423353
2026-09-12,22.26049827500769
2026-09-13,22.010107199031037
2026-09-14,20.207570972793427
2026-09-15,23.940134380619913
2026-09-16,24.147757696281218
2026-09-17,23.76567979234806
2026-09-18,23.450674440394597
2026-09-19,23.972517134000974
2026-09-20,25.023567296612537
2026-09-21,22.965645215832566
2026-09-22,24.307363210270463
2026-09-23,26.02052921284787
2026-09-24,27.98968511186202
2026-09-25,25.30710241218526
2026-09-26,25.873831633943354
2026-09-27,25.792633157347638
2026-09-28,26.095163154531193
2026-09-29,26.120595372110493
2026-09-30,27.874136980049144
2026-10-01,26.9666531946201
2026-10-02,26.420170399734268
2026-10-03,27.017383979092255
2026-10-04,25.30318917497021
2026-10-05,26.874015058492436
2026-10-06,27.565088662938283
2026-10-07,27.286459933783632
2026-10-08,26.25963968026423
2026-10-09,25.647076558290976
2026-10-10,25.859258331381202
2026-10-11,26.36701863626871
2026-10-12,27.401396340177822
2026-10-13,25.431995463510763
2026-10-14,25.873459599876387
2026-10-15,25.097116548113267
2026-10-16,25.64937917757159
2026-10-17,26.81420031777129
2026-10-18,25.274647086107255
2026-10-19,26.721730264265847
2026-10-20,26.209333362072815
2026-10-21,24.808572675576926
2026-10-22,25.5146191859784
2026-10-23,25.124944389893187
2026-10-24,23.953558351954868
2026-10-25,24.89696330988305
2026-10-26,24.549418717968678
2026-10-27,24.2523268678031
2026-10-28,22.574189366438095
2026-10-29,21.619779642007657
2026-10-30,22.235068667645663
2026-10-31,21.60226418266187
2026-11-01,22.033585972867783
2026-11-02,21.98363067045659
2026-11-03,22.204522823813242
2026-11-04,20.81947768768832
2026-11-05,20.22297829090936
2026-11-06,19.118580624098936
2026-11-07,20.446273339409753
2026-11-08,21.392012441292426
2026-11-09,18.263331850646495
2026-11-10,20.528474767858068
2026-11-11,20.463915450688013
2026-11-12,18.32991054133084
2026-11-13,17.548027151468144
2026-11-14,19.923682931048063
2026-11-15,18.236710873988077
2026-11-16,19.946614172115865
2026-11-17,20.41076229619947
2026-11-18,19.949881894124783
2026-11-19,19.547120657209668
2026-11-20,19.295280234316383
2026-11-21,20.00320952039842
2026-11-22,20.206657052069822
2026-11-23,18.586578728084557
2026-11-24,20.293664810702623
2026-11-25,20.075605734118863
2026-11-26,19.460667025483325
2026-11-27,20.339558497064697
2026-11-28,20.14263141352876
2026-11-29,23.0258835268586
2026-11-30,20.139987956666314
2026-12-01,20.652161818997477
2026-12-02,21.525290034025986
2026-12-03,21.40462400809809
2026-12-04,22.362826678232942
2026-12-05,24.75525669385235
2026-12-06,22.586686824288943
2026-12-07,23.19741728548485
2026-12-08,22.748122407240306
2026-12-09,25.42670274075326
2026-12-10,23.578551924193032
